REGIONID,SETTLEMENTDATE,RRP,TOTALDEMAND,PV_MW,NET_DEMAND,DATE,HOUR,MINUTE
VIC1,2026-03-09 00:00:00,61.87359166666667,4681,0.0,4681.0,2026-03-09,0,0
VIC1,2026-03-09 00:30:00,60.99866333333333,4490,0.0,4490.0,2026-03-09,0,30
VIC1,2026-03-09 01:00:00,65.790635,4392,0.0,4392.0,2026-03-09,1,0
VIC1,2026-03-09 01:30:00,67.64352333333333,4302,0.0,4302.0,2026-03-09,1,30
VIC1,2026-03-09 02:00:00,63.400825,4211,0.0,4211.0,2026-03-09,2,0
VIC1,2026-03-09 02:30:00,61.631211666666665,4121,0.0,4121.0,2026-03-09,2,30
VIC1,2026-03-09 03:00:00,68.356165,4082,0.0,4082.0,2026-03-09,3,0
VIC1,2026-03-09 03:30:00,70.515835,4088,0.0,4088.0,2026-03-09,3,30
VIC1,2026-03-09 04:00:00,71.72047333333335,4047,0.0,4047.0,2026-03-09,4,0
VIC1,2026-03-09 04:30:00,72.18209,4145,0.0,4145.0,2026-03-09,4,30
VIC1,2026-03-09 05:00:00,74.38015666666666,4183,0.0,4183.0,2026-03-09,5,0
VIC1,2026-03-09 05:30:00,73.14,4277,0.0,4277.0,2026-03-09,5,30
VIC1,2026-03-09 06:00:00,56.84890333333333,4379,0.0,4379.0,2026-03-09,6,0
VIC1,2026-03-09 06:30:00,72.22728,4505,75.347,4429.653,2026-03-09,6,30
VIC1,2026-03-09 07:00:00,44.925828333333335,4473,332.289,4140.711,2026-03-09,7,0
VIC1,2026-03-09 07:30:00,-18.24926,4303,729.339,3573.661,2026-03-09,7,30
VIC1,2026-03-09 08:00:00,-22.895881666666668,4185,1181.132,3003.868,2026-03-09,8,0
VIC1,2026-03-09 08:30:00,-12.188031666666667,3976,1666.704,2309.2960000000003,2026-03-09,8,30
VIC1,2026-03-09 09:00:00,-11.981666666666667,3669,2134.493,1534.507,2026-03-09,9,0
VIC1,2026-03-09 09:30:00,-13.278333333333334,3415,2548.374,866.6260000000002,2026-03-09,9,30
VIC1,2026-03-09 10:00:00,-13.035000000000002,3127,2926.851,200.1489999999999,2026-03-09,10,0
VIC1,2026-03-09 10:30:00,-15.065,3034,3249.929,-215.9290000000001,2026-03-09,10,30
VIC1,2026-03-09 11:00:00,-13.723455,2897,3493.104,-596.1039999999998,2026-03-09,11,0
VIC1,2026-03-09 11:30:00,-23.179486666666666,2846,3639.161,-793.1610000000001,2026-03-09,11,30
VIC1,2026-03-09 12:00:00,-23.284151666666663,2886,3692.904,-806.904,2026-03-09,12,0
VIC1,2026-03-09 12:30:00,-30.53117,3012,3614.557,-602.5569999999998,2026-03-09,12,30
VIC1,2026-03-09 13:00:00,-22.793333333333333,3185,3519.37,-334.3699999999999,2026-03-09,13,0
VIC1,2026-03-09 13:30:00,-14.865654999999999,3461,3279.79,181.21000000000004,2026-03-09,13,30
VIC1,2026-03-09 14:00:00,-2.9616666666666664,3691,3027.31,663.69,2026-03-09,14,0
VIC1,2026-03-09 14:30:00,1.141845,3987,2788.031,1198.969,2026-03-09,14,30
VIC1,2026-03-09 15:00:00,-1.0283333333333333,4143,2631.942,1511.058,2026-03-09,15,0
VIC1,2026-03-09 15:30:00,-1.5227916666666665,4461,2420.453,2040.547,2026-03-09,15,30
VIC1,2026-03-09 16:00:00,-0.05818,4981,2025.115,2955.885,2026-03-09,16,0
VIC1,2026-03-09 16:30:00,-2.5050000000000003,5340,1670.443,3669.557,2026-03-09,16,30
VIC1,2026-03-09 17:00:00,-2.981068333333333,5599,1296.262,4302.738,2026-03-09,17,0
VIC1,2026-03-09 17:30:00,18.850978333333334,5784,892.9,4891.1,2026-03-09,17,30
VIC1,2026-03-09 18:00:00,77.85394833333334,5991,494.722,5496.278,2026-03-09,18,0
VIC1,2026-03-09 18:30:00,84.39213166666667,5990,171.955,5818.045,2026-03-09,18,30
VIC1,2026-03-09 19:00:00,87.78307333333333,5947,15.189,5931.811,2026-03-09,19,0
VIC1,2026-03-09 19:30:00,84.957995,5815,0.0,5815.0,2026-03-09,19,30
VIC1,2026-03-09 20:00:00,86.04388666666667,5629,0.0,5629.0,2026-03-09,20,0
VIC1,2026-03-09 20:30:00,86.72050333333334,5476,0.0,5476.0,2026-03-09,20,30
VIC1,2026-03-09 21:00:00,79.05753666666666,5298,0.0,5298.0,2026-03-09,21,0
VIC1,2026-03-09 21:30:00,78.69153,5160,0.0,5160.0,2026-03-09,21,30
VIC1,2026-03-09 22:00:00,87.50316,4950,0.0,4950.0,2026-03-09,22,0
VIC1,2026-03-09 22:30:00,89.10353833333333,4813,0.0,4813.0,2026-03-09,22,30
VIC1,2026-03-09 23:00:00,92.01236833333333,4734,0.0,4734.0,2026-03-09,23,0
VIC1,2026-03-09 23:30:00,93.28667999999999,4810,0.0,4810.0,2026-03-09,23,30
VIC1,2026-03-10 00:00:00,84.93717666666667,4793,0.0,4793.0,2026-03-10,0,0
VIC1,2026-03-10 00:30:00,80.871095,4636,0.0,4636.0,2026-03-10,0,30
VIC1,2026-03-10 01:00:00,75.94422666666667,4523,0.0,4523.0,2026-03-10,1,0
VIC1,2026-03-10 01:30:00,71.31696833333334,4450,0.0,4450.0,2026-03-10,1,30
VIC1,2026-03-10 02:00:00,70.76520666666666,4370,0.0,4370.0,2026-03-10,2,0
VIC1,2026-03-10 02:30:00,70.46545166666667,4327,0.0,4327.0,2026-03-10,2,30
VIC1,2026-03-10 03:00:00,71.68358666666667,4284,0.0,4284.0,2026-03-10,3,0
VIC1,2026-03-10 03:30:00,74.13438833333333,4308,0.0,4308.0,2026-03-10,3,30
VIC1,2026-03-10 04:00:00,82.97972,4346,0.0,4346.0,2026-03-10,4,0
VIC1,2026-03-10 04:30:00,85.02304333333333,4449,0.0,4449.0,2026-03-10,4,30
VIC1,2026-03-10 05:00:00,88.46855,4586,0.0,4586.0,2026-03-10,5,0
VIC1,2026-03-10 05:30:00,98.99152166666666,4882,0.0,4882.0,2026-03-10,5,30
VIC1,2026-03-10 06:00:00,115.94607,5198,0.0,5198.0,2026-03-10,6,0
VIC1,2026-03-10 06:30:00,107.35128000000002,5570,36.743,5533.257,2026-03-10,6,30
VIC1,2026-03-10 07:00:00,51.190290000000005,5742,271.474,5470.526,2026-03-10,7,0
VIC1,2026-03-10 07:30:00,30.318273333333334,5665,575.081,5089.919,2026-03-10,7,30
VIC1,2026-03-10 08:00:00,15.835999999999999,5468,898.004,4569.996,2026-03-10,8,0
VIC1,2026-03-10 08:30:00,6.270319999999999,5259,1325.377,3933.623,2026-03-10,8,30
VIC1,2026-03-10 09:00:00,1.0019366666666665,4896,1895.892,3000.108,2026-03-10,9,0
VIC1,2026-03-10 09:30:00,-1.520076666666667,4578,2382.055,2195.945,2026-03-10,9,30
VIC1,2026-03-10 10:00:00,-2.749468333333333,4248,2828.756,1419.2440000000001,2026-03-10,10,0
VIC1,2026-03-10 10:30:00,-3.2449999999999997,4066,3230.668,835.3319999999999,2026-03-10,10,30
VIC1,2026-03-10 11:00:00,-3.1791750000000003,3925,3521.634,403.366,2026-03-10,11,0
VIC1,2026-03-10 11:30:00,-1.6470366666666667,3821,3717.676,103.32400000000007,2026-03-10,11,30
VIC1,2026-03-10 12:00:00,21.00379333333333,3806,3839.193,-33.19300000000021,2026-03-10,12,0
VIC1,2026-03-10 12:30:00,36.094008333333335,3841,3881.165,-40.164999999999964,2026-03-10,12,30
VIC1,2026-03-10 13:00:00,37.70323666666666,4012,3854.868,157.13200000000006,2026-03-10,13,0
VIC1,2026-03-10 13:30:00,35.70449,4203,3731.532,471.46799999999985,2026-03-10,13,30
VIC1,2026-03-10 14:00:00,34.89666666666667,4474,3496.295,977.7049999999999,2026-03-10,14,0
VIC1,2026-03-10 14:30:00,41.94531666666666,4699,3248.04,1450.96,2026-03-10,14,30
VIC1,2026-03-10 15:00:00,49.19848833333333,5008,2954.856,2053.144,2026-03-10,15,0
VIC1,2026-03-10 15:30:00,62.42333333333334,5412,2630.919,2781.081,2026-03-10,15,30
VIC1,2026-03-10 16:00:00,64.42126333333333,5892,2244.833,3647.167,2026-03-10,16,0
VIC1,2026-03-10 20:00:00,67.26362999999999,6608,0.0,6608.0,2026-03-10,20,0
VIC1,2026-03-10 20:30:00,61.780811666666665,6318,0.0,6318.0,2026-03-10,20,30
VIC1,2026-03-10 21:00:00,56.60970666666666,6001,0.0,6001.0,2026-03-10,21,0
VIC1,2026-03-10 21:30:00,56.18434333333334,5739,0.0,5739.0,2026-03-10,21,30
VIC1,2026-03-10 22:00:00,53.160695000000004,5514,0.0,5514.0,2026-03-10,22,0
VIC1,2026-03-10 22:30:00,49.94195666666667,5345,0.0,5345.0,2026-03-10,22,30
VIC1,2026-03-10 23:00:00,30.040775,5187,0.0,5187.0,2026-03-10,23,0
VIC1,2026-03-10 23:30:00,13.836436666666666,5277,0.0,5277.0,2026-03-10,23,30
VIC1,2026-03-11 00:00:00,7.10501,5191,0.0,5191.0,2026-03-11,0,0
VIC1,2026-03-11 00:30:00,5.993578333333333,4945,0.0,4945.0,2026-03-11,0,30
VIC1,2026-03-11 01:00:00,2.4367033333333334,4817,0.0,4817.0,2026-03-11,1,0
VIC1,2026-03-11 01:30:00,-1.1597833333333334,4693,0.0,4693.0,2026-03-11,1,30
VIC1,2026-03-11 02:00:00,-2.499815,4604,0.0,4604.0,2026-03-11,2,0
VIC1,2026-03-11 02:30:00,-5.04865,4571,0.0,4571.0,2026-03-11,2,30
VIC1,2026-03-11 03:00:00,-5.831195,4541,0.0,4541.0,2026-03-11,3,0
VIC1,2026-03-11 03:30:00,-6.359660000000001,4532,0.0,4532.0,2026-03-11,3,30
VIC1,2026-03-11 04:00:00,-6.513751666666667,4580,0.0,4580.0,2026-03-11,4,0
VIC1,2026-03-11 04:30:00,-7.15746,4731,0.0,4731.0,2026-03-11,4,30
VIC1,2026-03-11 05:00:00,-4.756666666666667,4859,0.0,4859.0,2026-03-11,5,0
VIC1,2026-03-11 05:30:00,-6.346171666666667,5149,0.0,5149.0,2026-03-11,5,30
VIC1,2026-03-11 06:00:00,-3.129576666666667,5466,0.0,5466.0,2026-03-11,6,0
VIC1,2026-03-11 06:30:00,-0.27430499999999997,5805,23.014,5781.986,2026-03-11,6,30
VIC1,2026-03-11 07:00:00,-2.5180683333333334,5964,156.389,5807.611,2026-03-11,7,0
VIC1,2026-03-11 07:30:00,-6.63065,5975,359.517,5615.483,2026-03-11,7,30
VIC1,2026-03-11 08:00:00,-7.219688333333333,6015,494.201,5520.799,2026-03-11,8,0
VIC1,2026-03-11 08:30:00,-5.308483333333333,5954,621.391,5332.609,2026-03-11,8,30
VIC1,2026-03-11 09:00:00,-4.084548333333333,5874,672.878,5201.122,2026-03-11,9,0
VIC1,2026-03-11 09:30:00,-4.291826666666666,5924,720.591,5203.409,2026-03-11,9,30
VIC1,2026-03-11 10:00:00,-4.1326366666666665,5866,840.091,5025.909,2026-03-11,10,0
VIC1,2026-03-11 10:30:00,-0.37343833333333326,5890,901.828,4988.1720000000005,2026-03-11,10,30
VIC1,2026-03-11 11:00:00,45.29505,5935,852.741,5082.259,2026-03-11,11,0
VIC1,2026-03-11 11:30:00,19.132285,6007,809.923,5197.077,2026-03-11,11,30
VIC1,2026-03-11 12:00:00,0.48237500000000005,6033,830.849,5202.151,2026-03-11,12,0
VIC1,2026-03-11 12:30:00,-4.058135,5900,749.307,5150.693,2026-03-11,12,30
VIC1,2026-03-11 13:00:00,-7.961955,5809,803.712,5005.2880000000005,2026-03-11,13,0
VIC1,2026-03-11 13:30:00,-12.834976666666668,5705,807.56,4897.4400000000005,2026-03-11,13,30
VIC1,2026-03-11 14:00:00,-18.855455,5640,939.269,4700.731,2026-03-11,14,0
VIC1,2026-03-11 14:30:00,-36.516666666666666,5363,1048.731,4314.269,2026-03-11,14,30
VIC1,2026-03-11 15:00:00,-44.81833333333333,5010,1262.737,3747.263,2026-03-11,15,0
VIC1,2026-03-11 15:30:00,-30.705,4961,1347.277,3613.723,2026-03-11,15,30
VIC1,2026-03-11 16:00:00,-26.349971666666665,5471,987.154,4483.846,2026-03-11,16,0
VIC1,2026-03-11 16:30:00,-13.4,5708,814.205,4893.795,2026-03-11,16,30
VIC1,2026-03-11 17:00:00,-9.062085,5727,709.55,5017.45,2026-03-11,17,0
VIC1,2026-03-11 17:30:00,-8.371243333333334,5656,554.984,5101.016,2026-03-11,17,30
VIC1,2026-03-11 18:00:00,-3.638068333333333,5732,334.448,5397.552,2026-03-11,18,0
VIC1,2026-03-11 18:30:00,-1.13632,5809,125.548,5683.452,2026-03-11,18,30
VIC1,2026-03-11 19:00:00,8.878670000000001,5866,10.557,5855.443,2026-03-11,19,0
VIC1,2026-03-11 19:30:00,13.201666666666668,5771,0.0,5771.0,2026-03-11,19,30
VIC1,2026-03-11 20:00:00,8.740446666666665,5604,0.0,5604.0,2026-03-11,20,0
VIC1,2026-03-11 20:30:00,11.621611666666666,5417,0.0,5417.0,2026-03-11,20,30
VIC1,2026-03-11 21:00:00,10.128653333333334,5239,0.0,5239.0,2026-03-11,21,0
VIC1,2026-03-11 21:30:00,11.456695000000002,5087,0.0,5087.0,2026-03-11,21,30
VIC1,2026-03-11 22:00:00,13.066666666666668,4930,0.0,4930.0,2026-03-11,22,0
VIC1,2026-03-11 22:30:00,9.522516666666666,4785,0.0,4785.0,2026-03-11,22,30
VIC1,2026-03-11 23:00:00,13.423333333333332,4721,0.0,4721.0,2026-03-11,23,0
VIC1,2026-03-11 23:30:00,15.995043333333333,4831,0.0,4831.0,2026-03-11,23,30
VIC1,2026-03-12 00:00:00,11.945778333333335,4769,0.0,4769.0,2026-03-12,0,0
VIC1,2026-03-12 00:30:00,6.075048333333334,4621,0.0,4621.0,2026-03-12,0,30
VIC1,2026-03-12 01:00:00,8.512608333333333,4481,0.0,4481.0,2026-03-12,1,0
VIC1,2026-03-12 01:30:00,8.357193333333333,4399,0.0,4399.0,2026-03-12,1,30
VIC1,2026-03-12 02:00:00,7.46,4294,0.0,4294.0,2026-03-12,2,0
VIC1,2026-03-12 02:30:00,12.333341666666668,4268,0.0,4268.0,2026-03-12,2,30
VIC1,2026-03-12 03:00:00,8.838333333333333,4256,0.0,4256.0,2026-03-12,3,0
VIC1,2026-03-12 03:30:00,15.185651666666667,4263,0.0,4263.0,2026-03-12,3,30
VIC1,2026-03-12 04:00:00,18.24508,4327,0.0,4327.0,2026-03-12,4,0
VIC1,2026-03-12 04:30:00,24.39,4473,0.0,4473.0,2026-03-12,4,30
VIC1,2026-03-12 05:00:00,23.031828333333333,4628,0.0,4628.0,2026-03-12,5,0
VIC1,2026-03-12 05:30:00,20.594286666666665,4916,0.0,4916.0,2026-03-12,5,30
VIC1,2026-03-12 06:00:00,20.048413333333333,5222,0.0,5222.0,2026-03-12,6,0
VIC1,2026-03-12 06:30:00,29.777878333333334,5614,56.737,5557.263,2026-03-12,6,30
VIC1,2026-03-12 07:00:00,23.97144,5757,237.785,5519.215,2026-03-12,7,0
VIC1,2026-03-12 07:30:00,-0.9253049999999999,5530,596.939,4933.061,2026-03-12,7,30
VIC1,2026-03-12 08:00:00,-6.663333333333334,5189,920.083,4268.917,2026-03-12,8,0
VIC1,2026-03-12 08:30:00,-4.8133333333333335,5068,1147.194,3920.806,2026-03-12,8,30
VIC1,2026-03-12 09:00:00,-4.3133333333333335,4943,1360.576,3582.424,2026-03-12,9,0
VIC1,2026-03-12 09:30:00,-5.82,4679,1534.615,3144.385,2026-03-12,9,30
VIC1,2026-03-12 10:00:00,-5.418333333333333,4662,1587.221,3074.779,2026-03-12,10,0
VIC1,2026-03-12 10:30:00,-8.814836666666666,4723,1397.449,3325.551,2026-03-12,10,30
VIC1,2026-03-12 11:00:00,-10.924999999999999,4598,1517.467,3080.533,2026-03-12,11,0
VIC1,2026-03-12 11:30:00,-14.659999999999998,4422,1585.794,2836.206,2026-03-12,11,30
VIC1,2026-03-12 12:00:00,-26.346666666666668,4399,1661.057,2737.943,2026-03-12,12,0
VIC1,2026-03-12 12:30:00,-16.126666666666665,4306,1725.101,2580.899,2026-03-12,12,30
VIC1,2026-03-12 13:00:00,-23.103333333333335,4216,1673.155,2542.8450000000003,2026-03-12,13,0
VIC1,2026-03-12 13:30:00,-21.536073333333334,4175,1624.516,2550.484,2026-03-12,13,30
VIC1,2026-03-12 14:00:00,-15.718333333333334,4256,1535.833,2720.167,2026-03-12,14,0
VIC1,2026-03-12 14:30:00,-16.731666666666666,4227,1575.906,2651.094,2026-03-12,14,30
VIC1,2026-03-12 15:00:00,-22.171666666666667,4157,1564.33,2592.67,2026-03-12,15,0
VIC1,2026-03-12 15:30:00,-12.020000000000001,4286,1352.286,2933.714,2026-03-12,15,30
VIC1,2026-03-12 16:00:00,-5.433333333333334,4701,1196.281,3504.719,2026-03-12,16,0
VIC1,2026-03-12 16:30:00,-4.245,5062,959.186,4102.814,2026-03-12,16,30
VIC1,2026-03-12 17:00:00,-5.016668333333333,5388,736.39,4651.61,2026-03-12,17,0
VIC1,2026-03-12 17:30:00,-3.946936666666667,5551,525.282,5025.718,2026-03-12,17,30
VIC1,2026-03-12 18:00:00,-0.44662333333333337,5749,305.565,5443.435,2026-03-12,18,0
VIC1,2026-03-12 18:30:00,12.845013333333334,5838,117.226,5720.774,2026-03-12,18,30
VIC1,2026-03-12 19:00:00,9.576648333333333,5932,4.288,5927.712,2026-03-12,19,0
VIC1,2026-03-12 19:30:00,9.455918333333333,5914,0.0,5914.0,2026-03-12,19,30
VIC1,2026-03-12 20:00:00,8.316318333333333,5781,0.0,5781.0,2026-03-12,20,0
VIC1,2026-03-12 20:30:00,16.26934,5623,0.0,5623.0,2026-03-12,20,30
VIC1,2026-03-12 21:00:00,19.226195,5456,0.0,5456.0,2026-03-12,21,0
VIC1,2026-03-12 21:30:00,19.058333333333334,5261,0.0,5261.0,2026-03-12,21,30
VIC1,2026-03-12 22:00:00,13.827065,5069,0.0,5069.0,2026-03-12,22,0
VIC1,2026-03-12 22:30:00,13.815023333333334,4945,0.0,4945.0,2026-03-12,22,30
VIC1,2026-03-12 23:00:00,17.591846666666665,4797,0.0,4797.0,2026-03-12,23,0
VIC1,2026-03-12 23:30:00,13.855046666666667,4913,0.0,4913.0,2026-03-12,23,30
VIC1,2026-03-13 00:00:00,8.513351666666667,4891,0.0,4891.0,2026-03-13,0,0
VIC1,2026-03-13 00:30:00,5.0616650000000005,4745,0.0,4745.0,2026-03-13,0,30
VIC1,2026-03-13 01:00:00,1.4783433333333331,4565,0.0,4565.0,2026-03-13,1,0
VIC1,2026-03-13 01:30:00,0.11499999999999999,4481,0.0,4481.0,2026-03-13,1,30
VIC1,2026-03-13 02:00:00,0.8983333333333333,4386,0.0,4386.0,2026-03-13,2,0
VIC1,2026-03-13 02:30:00,1.330025,4323,0.0,4323.0,2026-03-13,2,30
VIC1,2026-03-13 03:00:00,1.4866750000000002,4307,0.0,4307.0,2026-03-13,3,0
VIC1,2026-03-13 03:30:00,8.406676666666668,4330,0.0,4330.0,2026-03-13,3,30
VIC1,2026-03-13 04:00:00,10.059986666666667,4333,0.0,4333.0,2026-03-13,4,0
VIC1,2026-03-13 04:30:00,12.868751666666668,4460,0.0,4460.0,2026-03-13,4,30
VIC1,2026-03-13 05:00:00,20.898216666666666,4623,0.0,4623.0,2026-03-13,5,0
VIC1,2026-03-13 05:30:00,11.553321666666667,4916,0.0,4916.0,2026-03-13,5,30
VIC1,2026-03-13 06:00:00,24.056448333333336,5253,0.0,5253.0,2026-03-13,6,0
VIC1,2026-03-13 06:30:00,21.835781666666666,5617,52.485,5564.515,2026-03-13,6,30
VIC1,2026-03-13 07:00:00,5.631666666666667,5824,245.685,5578.315,2026-03-13,7,0
VIC1,2026-03-13 07:30:00,-8.84612,5568,596.905,4971.095,2026-03-13,7,30
VIC1,2026-03-13 08:00:00,-11.948048333333332,5285,997.443,4287.557,2026-03-13,8,0
VIC1,2026-03-13 08:30:00,-15.635176666666666,5097,1367.412,3729.5879999999997,2026-03-13,8,30
VIC1,2026-03-13 09:00:00,-30.838333333333335,4825,1609.962,3215.038,2026-03-13,9,0
VIC1,2026-03-13 09:30:00,-22.609435,4710,1771.082,2938.9179999999997,2026-03-13,9,30
VIC1,2026-03-13 10:00:00,-16.604251666666666,4516,1958.078,2557.922,2026-03-13,10,0
VIC1,2026-03-13 10:30:00,-12.985,4274,2150.566,2123.434,2026-03-13,10,30
VIC1,2026-03-13 11:00:00,-17.99,4005,2457.95,1547.0500000000002,2026-03-13,11,0
VIC1,2026-03-13 11:30:00,-19.365,3732,2743.658,988.3420000000001,2026-03-13,11,30
VIC1,2026-03-13 12:00:00,-26.28333333333333,3459,2975.798,483.2020000000002,2026-03-13,12,0
VIC1,2026-03-13 12:30:00,-39.25833333333333,3325,3062.583,262.4169999999999,2026-03-13,12,30
VIC1,2026-03-13 13:00:00,-28.696346666666667,3236,3046.906,189.09400000000005,2026-03-13,13,0
VIC1,2026-03-13 13:30:00,-36.18666666666666,3164,3045.632,118.36799999999994,2026-03-13,13,30
VIC1,2026-03-13 14:00:00,-32.69833333333333,3224,2936.683,287.317,2026-03-13,14,0
VIC1,2026-03-13 14:30:00,-35.3,3341,2727.776,613.2240000000002,2026-03-13,14,30
VIC1,2026-03-13 15:00:00,-38.918366666666664,3483,2537.526,945.4740000000002,2026-03-13,15,0
VIC1,2026-03-13 15:30:00,-10.558333333333334,3597,2310.882,1286.118,2026-03-13,15,30
VIC1,2026-03-13 16:00:00,-4.9750000000000005,3871,2041.866,1829.134,2026-03-13,16,0
VIC1,2026-03-13 16:30:00,-4.883333333333334,4147,1694.388,2452.612,2026-03-13,16,30
VIC1,2026-03-13 17:00:00,8.538333333333334,4569,1290.299,3278.701,2026-03-13,17,0
VIC1,2026-03-13 17:30:00,19.073330000000002,4912,864.472,4047.5280000000002,2026-03-13,17,30
VIC1,2026-03-13 18:00:00,16.741761666666665,5309,453.518,4855.482,2026-03-13,18,0
VIC1,2026-03-13 18:30:00,13.788333333333334,5537,137.399,5399.601,2026-03-13,18,30
VIC1,2026-03-13 19:00:00,10.90182,5610,5.492,5604.508,2026-03-13,19,0
VIC1,2026-03-13 19:30:00,9.343051666666666,5648,0.0,5648.0,2026-03-13,19,30
VIC1,2026-03-13 20:00:00,6.536666666666666,5578,0.0,5578.0,2026-03-13,20,0
VIC1,2026-03-13 20:30:00,6.57,5398,0.0,5398.0,2026-03-13,20,30
VIC1,2026-03-13 21:00:00,8.900161666666667,5251,0.0,5251.0,2026-03-13,21,0
VIC1,2026-03-13 21:30:00,7.965,5165,0.0,5165.0,2026-03-13,21,30
VIC1,2026-03-13 22:00:00,6.340045,5011,0.0,5011.0,2026-03-13,22,0
VIC1,2026-03-13 22:30:00,8.95,4936,0.0,4936.0,2026-03-13,22,30
VIC1,2026-03-13 23:00:00,9.411666666666667,4847,0.0,4847.0,2026-03-13,23,0
VIC1,2026-03-13 23:30:00,4.120016666666666,4940,0.0,4940.0,2026-03-13,23,30
VIC1,2026-03-14 00:00:00,-0.016666666666666666,4894,0.0,4894.0,2026-03-14,0,0
VIC1,2026-03-14 00:30:00,-0.40913000000000005,4736,0.0,4736.0,2026-03-14,0,30
VIC1,2026-03-14 01:00:00,-3.1873616666666664,4595,0.0,4595.0,2026-03-14,1,0
VIC1,2026-03-14 01:30:00,-4.0576083333333335,4523,0.0,4523.0,2026-03-14,1,30
VIC1,2026-03-14 02:00:00,-4.1524849999999995,4367,0.0,4367.0,2026-03-14,2,0
VIC1,2026-03-14 02:30:00,-4.221699999999999,4319,0.0,4319.0,2026-03-14,2,30
VIC1,2026-03-14 03:00:00,-2.375765,4241,0.0,4241.0,2026-03-14,3,0
VIC1,2026-03-14 03:30:00,-1.5399566666666669,4252,0.0,4252.0,2026-03-14,3,30
VIC1,2026-03-14 04:00:00,7.393358333333334,4239,0.0,4239.0,2026-03-14,4,0
VIC1,2026-03-14 04:30:00,10.276655,4311,0.0,4311.0,2026-03-14,4,30
VIC1,2026-03-14 05:00:00,13.35401,4368,0.0,4368.0,2026-03-14,5,0
VIC1,2026-03-14 05:30:00,11.050000000000002,4488,0.0,4488.0,2026-03-14,5,30
VIC1,2026-03-14 06:00:00,12.586166666666665,4652,0.0,4652.0,2026-03-14,6,0
VIC1,2026-03-14 06:30:00,6.750509999999999,4804,48.684,4755.316,2026-03-14,6,30
VIC1,2026-03-14 07:00:00,-2.816545,4812,242.366,4569.634,2026-03-14,7,0
VIC1,2026-03-14 07:30:00,-4.666013333333333,4657,616.474,4040.526,2026-03-14,7,30
VIC1,2026-03-14 08:00:00,-5.368268333333333,4494,1001.99,3492.01,2026-03-14,8,0
VIC1,2026-03-14 08:30:00,-7.393956666666667,4275,1413.086,2861.9139999999998,2026-03-14,8,30
VIC1,2026-03-14 09:00:00,-15.436986666666668,3887,1876.514,2010.486,2026-03-14,9,0
VIC1,2026-03-14 09:30:00,-38.74966833333333,3525,2302.116,1222.884,2026-03-14,9,30
VIC1,2026-03-14 10:00:00,-35.275,3121,2692.574,428.42599999999993,2026-03-14,10,0
VIC1,2026-03-14 10:30:00,-43.19166666666666,2928,3017.164,-89.16400000000021,2026-03-14,10,30
VIC1,2026-03-14 11:00:00,-42.67166666666666,2753,3322.119,-569.1190000000001,2026-03-14,11,0
VIC1,2026-03-14 11:30:00,-39.611891666666665,2480,3562.405,-1082.4050000000002,2026-03-14,11,30
VIC1,2026-03-14 12:00:00,-35.63695833333333,2313,3686.692,-1373.692,2026-03-14,12,0
VIC1,2026-03-14 12:30:00,-36.85333333333333,2169,3732.187,-1563.187,2026-03-14,12,30
VIC1,2026-03-14 13:00:00,-33.41558666666666,2156,3718.236,-1562.2359999999999,2026-03-14,13,0
VIC1,2026-03-14 13:30:00,-38.616565,2185,3622.568,-1437.5680000000002,2026-03-14,13,30
VIC1,2026-03-14 14:00:00,-26.681359999999998,2284,3459.842,-1175.842,2026-03-14,14,0
VIC1,2026-03-14 14:30:00,-31.626666666666665,2463,3215.539,-752.5390000000002,2026-03-14,14,30
VIC1,2026-03-14 15:00:00,-16.21938833333333,2666,2929.524,-263.5239999999999,2026-03-14,15,0
VIC1,2026-03-14 15:30:00,-18.465,2963,2579.006,383.99400000000014,2026-03-14,15,30
VIC1,2026-03-14 16:00:00,-4.7,3383,2160.837,1222.163,2026-03-14,16,0
VIC1,2026-03-14 16:30:00,-2.680858333333333,3908,1700.316,2207.684,2026-03-14,16,30
VIC1,2026-03-14 17:00:00,25.779908333333335,4478,1225.393,3252.607,2026-03-14,17,0
VIC1,2026-03-14 17:30:00,52.85076333333333,4819,738.778,4080.2219999999998,2026-03-14,17,30
VIC1,2026-03-14 18:00:00,56.57789333333333,4993,352.361,4640.639,2026-03-14,18,0
VIC1,2026-03-14 18:30:00,57.083333333333336,5238,88.069,5149.931,2026-03-14,18,30
VIC1,2026-03-14 19:00:00,56.5,5301,2.031,5298.969,2026-03-14,19,0
VIC1,2026-03-14 19:30:00,54.908071666666665,5319,0.0,5319.0,2026-03-14,19,30
VIC1,2026-03-14 20:00:00,55.43680666666666,5222,0.0,5222.0,2026-03-14,20,0
VIC1,2026-03-14 20:30:00,55.595,5115,0.0,5115.0,2026-03-14,20,30
VIC1,2026-03-14 21:00:00,51.034575,5008,0.0,5008.0,2026-03-14,21,0
VIC1,2026-03-14 21:30:00,49.69202666666666,4879,0.0,4879.0,2026-03-14,21,30
VIC1,2026-03-14 22:00:00,52.10881833333334,4802,0.0,4802.0,2026-03-14,22,0
VIC1,2026-03-14 22:30:00,46.916824999999996,4698,0.0,4698.0,2026-03-14,22,30
VIC1,2026-03-14 23:00:00,53.211801666666666,4655,0.0,4655.0,2026-03-14,23,0
VIC1,2026-03-14 23:30:00,50.01268166666667,4755,0.0,4755.0,2026-03-14,23,30
VIC1,2026-03-15 00:00:00,47.47187333333333,4736,0.0,4736.0,2026-03-15,0,0
VIC1,2026-03-15 00:30:00,48.45428166666667,4547,0.0,4547.0,2026-03-15,0,30
VIC1,2026-03-15 01:00:00,50.95304333333333,4418,0.0,4418.0,2026-03-15,1,0
VIC1,2026-03-15 01:30:00,50.20153666666667,4357,0.0,4357.0,2026-03-15,1,30
VIC1,2026-03-15 02:00:00,46.01719666666667,4209,0.0,4209.0,2026-03-15,2,0
VIC1,2026-03-15 02:30:00,48.30705833333334,4138,0.0,4138.0,2026-03-15,2,30
VIC1,2026-03-15 03:00:00,49.85695833333333,4113,0.0,4113.0,2026-03-15,3,0
VIC1,2026-03-15 03:30:00,45.33334166666666,4057,0.0,4057.0,2026-03-15,3,30
VIC1,2026-03-15 04:00:00,45.31118833333333,4050,0.0,4050.0,2026-03-15,4,0
VIC1,2026-03-15 04:30:00,44.91658999999999,4060,0.0,4060.0,2026-03-15,4,30
VIC1,2026-03-15 05:00:00,49.34909166666666,4074,0.0,4074.0,2026-03-15,5,0
VIC1,2026-03-15 05:30:00,47.864225,4155,0.0,4155.0,2026-03-15,5,30
VIC1,2026-03-15 06:00:00,51.004335,4241,0.0,4241.0,2026-03-15,6,0
VIC1,2026-03-15 06:30:00,35.823476666666664,4391,38.336,4352.664,2026-03-15,6,30
VIC1,2026-03-15 07:00:00,-1.1072116666666665,4399,237.177,4161.823,2026-03-15,7,0
VIC1,2026-03-15 07:30:00,-4.406533333333333,4224,652.407,3571.593,2026-03-15,7,30
VIC1,2026-03-15 08:00:00,-4.7669266666666665,3974,1089.897,2884.103,2026-03-15,8,0
VIC1,2026-03-15 08:30:00,-6.294886666666667,3784,1558.342,2225.658,2026-03-15,8,30
VIC1,2026-03-15 09:00:00,-7.051916666666667,3515,1969.847,1545.153,2026-03-15,9,0
VIC1,2026-03-15 09:30:00,-10.065615,3338,2303.075,1034.9250000000002,2026-03-15,9,30
VIC1,2026-03-15 10:00:00,-7.809475,3080,2638.273,441.72699999999986,2026-03-15,10,0
VIC1,2026-03-15 10:30:00,-8.262768333333334,2966,2800.534,165.4659999999999,2026-03-15,10,30
VIC1,2026-03-15 11:00:00,-8.167133333333334,2860,3056.151,-196.15099999999984,2026-03-15,11,0
VIC1,2026-03-15 11:30:00,-8.71919,2676,3240.057,-564.0569999999998,2026-03-15,11,30
VIC1,2026-03-15 12:00:00,-7.237751666666667,2540,3418.745,-878.7449999999999,2026-03-15,12,0
VIC1,2026-03-15 12:30:00,-8.789863333333335,2534,3458.601,-924.6010000000001,2026-03-15,12,30
VIC1,2026-03-15 13:00:00,-9.45857,2632,3380.887,-748.8870000000002,2026-03-15,13,0
VIC1,2026-03-15 13:30:00,-6.143321666666666,2775,3247.037,-472.0369999999998,2026-03-15,13,30
VIC1,2026-03-15 14:00:00,-7.164495,3033,3118.411,-85.41100000000006,2026-03-15,14,0
VIC1,2026-03-15 14:30:00,-7.172103333333332,3141,2901.197,239.80299999999988,2026-03-15,14,30
VIC1,2026-03-15 15:00:00,1.0557549999999998,3582,2473.325,1108.6750000000002,2026-03-15,15,0
VIC1,2026-03-15 15:30:00,38.741629999999994,4121,1969.165,2151.835,2026-03-15,15,30
VIC1,2026-03-15 16:00:00,61.346825,4769,1434.747,3334.2529999999997,2026-03-15,16,0
VIC1,2026-03-15 16:30:00,59.50469833333333,5273,896.466,4376.534,2026-03-15,16,30
VIC1,2026-03-15 17:00:00,82.39521166666667,5557,630.618,4926.382,2026-03-15,17,0
VIC1,2026-03-15 17:30:00,85.9181,5745,416.613,5328.387,2026-03-15,17,30
VIC1,2026-03-15 18:00:00,88.67832166666666,5833,210.821,5622.179,2026-03-15,18,0
VIC1,2026-03-15 18:30:00,89.50922166666668,5787,64.742,5722.258,2026-03-15,18,30
VIC1,2026-03-15 19:00:00,94.100475,5735,0.929,5734.071,2026-03-15,19,0
VIC1,2026-03-15 19:30:00,98.15629833333332,5693,0.0,5693.0,2026-03-15,19,30
VIC1,2026-03-15 20:00:00,102.95630333333334,5500,0.0,5500.0,2026-03-15,20,0
VIC1,2026-03-15 20:30:00,106.89083666666666,5335,0.0,5335.0,2026-03-15,20,30
VIC1,2026-03-15 21:00:00,98.02999999999999,5146,0.0,5146.0,2026-03-15,21,0
VIC1,2026-03-15 21:30:00,89.57968833333332,4975,0.0,4975.0,2026-03-15,21,30
VIC1,2026-03-15 22:00:00,79.81594833333334,4852,0.0,4852.0,2026-03-15,22,0
VIC1,2026-03-15 22:30:00,87.26538333333333,4737,0.0,4737.0,2026-03-15,22,30
VIC1,2026-03-15 23:00:00,78.30169666666667,4652,0.0,4652.0,2026-03-15,23,0
VIC1,2026-03-15 23:30:00,71.143265,4774,0.0,4774.0,2026-03-15,23,30
VIC1,2026-03-16 00:00:00,68.530705,4764,0.0,4764.0,2026-03-16,0,0
VIC1,2026-03-16 00:30:00,63.653744999999994,4617,0.0,4617.0,2026-03-16,0,30
VIC1,2026-03-16 01:00:00,60.24238833333334,4542,0.0,4542.0,2026-03-16,1,0
VIC1,2026-03-16 01:30:00,57.015701666666665,4500,0.0,4500.0,2026-03-16,1,30
VIC1,2026-03-16 02:00:00,60.32721833333333,4400,0.0,4400.0,2026-03-16,2,0
VIC1,2026-03-16 02:30:00,58.57830666666666,4317,0.0,4317.0,2026-03-16,2,30
VIC1,2026-03-16 03:00:00,57.634825,4316,0.0,4316.0,2026-03-16,3,0
VIC1,2026-03-16 03:30:00,60.076228333333326,4306,0.0,4306.0,2026-03-16,3,30
VIC1,2026-03-16 04:00:00,65.49051,4337,0.0,4337.0,2026-03-16,4,0
