SETTLEMENTDATE,REGIONID,RRP
2026-03-09 00:00:00,VIC1,60.22447
2026-03-09 00:05:00,VIC1,59.78197
2026-03-09 00:10:00,VIC1,72.69
2026-03-09 00:15:00,VIC1,60.50989
2026-03-09 00:20:00,VIC1,55.96
2026-03-09 00:25:00,VIC1,62.07522
2026-03-09 00:30:00,VIC1,60.37253
2026-03-09 00:35:00,VIC1,59.56307
2026-03-09 00:40:00,VIC1,61.0346
2026-03-09 00:45:00,VIC1,60.62365
2026-03-09 00:50:00,VIC1,64.74025
2026-03-09 00:55:00,VIC1,59.65788
2026-03-09 01:00:00,VIC1,61.99646
2026-03-09 01:05:00,VIC1,61.89971
2026-03-09 01:10:00,VIC1,61.30423
2026-03-09 01:15:00,VIC1,72.67
2026-03-09 01:20:00,VIC1,62.19341
2026-03-09 01:25:00,VIC1,74.68
2026-03-09 01:30:00,VIC1,70.19011
2026-03-09 01:35:00,VIC1,59.35423
2026-03-09 01:40:00,VIC1,76.84553
2026-03-09 01:45:00,VIC1,64.80494
2026-03-09 01:50:00,VIC1,71.02012
2026-03-09 01:55:00,VIC1,63.64621
2026-03-09 02:00:00,VIC1,62.92845
2026-03-09 02:05:00,VIC1,63.86407
2026-03-09 02:10:00,VIC1,65.1814
2026-03-09 02:15:00,VIC1,54.78157
2026-03-09 02:20:00,VIC1,64.14403
2026-03-09 02:25:00,VIC1,69.50543
2026-03-09 02:30:00,VIC1,63.35067
2026-03-09 02:35:00,VIC1,61.20835
2026-03-09 02:40:00,VIC1,67.00523
2026-03-09 02:45:00,VIC1,64.17969
2026-03-09 02:50:00,VIC1,58.94218
2026-03-09 02:55:00,VIC1,55.10115
2026-03-09 03:00:00,VIC1,72.69
2026-03-09 03:05:00,VIC1,67.06793
2026-03-09 03:10:00,VIC1,81.53242
2026-03-09 03:15:00,VIC1,65.6217
2026-03-09 03:20:00,VIC1,61.14247
2026-03-09 03:25:00,VIC1,62.08247
2026-03-09 03:30:00,VIC1,62.76589
2026-03-09 03:35:00,VIC1,79.40299
2026-03-09 03:40:00,VIC1,64.9751
2026-03-09 03:45:00,VIC1,77.46865
2026-03-09 03:50:00,VIC1,65.81238
2026-03-09 03:55:00,VIC1,72.67
2026-03-09 04:00:00,VIC1,76.16451
2026-03-09 04:05:00,VIC1,63.34467
2026-03-09 04:10:00,VIC1,77.43231
2026-03-09 04:15:00,VIC1,63.89692
2026-03-09 04:20:00,VIC1,72.69
2026-03-09 04:25:00,VIC1,76.79443
2026-03-09 04:30:00,VIC1,68.48874
2026-03-09 04:35:00,VIC1,74.37414
2026-03-09 04:40:00,VIC1,74.02
2026-03-09 04:45:00,VIC1,76.80265
2026-03-09 04:50:00,VIC1,61.58258
2026-03-09 04:55:00,VIC1,77.82443
2026-03-09 05:00:00,VIC1,76.05849
2026-03-09 05:05:00,VIC1,72.67
2026-03-09 05:10:00,VIC1,74.68767
2026-03-09 05:15:00,VIC1,65.76995
2026-03-09 05:20:00,VIC1,87.18
2026-03-09 05:25:00,VIC1,69.91483
2026-03-09 05:30:00,VIC1,74.68
2026-03-09 05:35:00,VIC1,72.69
2026-03-09 05:40:00,VIC1,73.44
2026-03-09 05:45:00,VIC1,72.67
2026-03-09 05:50:00,VIC1,72.69
2026-03-09 05:55:00,VIC1,72.67
2026-03-09 06:00:00,VIC1,55.96
2026-03-09 06:05:00,VIC1,55.96
2026-03-09 06:10:00,VIC1,62.56342
2026-03-09 06:15:00,VIC1,54.69
2026-03-09 06:20:00,VIC1,55.96
2026-03-09 06:25:00,VIC1,55.96
2026-03-09 06:30:00,VIC1,84.29305
2026-03-09 06:35:00,VIC1,73.44
2026-03-09 06:40:00,VIC1,68.73238
2026-03-09 06:45:00,VIC1,69.05878
2026-03-09 06:50:00,VIC1,74.02
2026-03-09 06:55:00,VIC1,63.81947
2026-03-09 07:00:00,VIC1,56.5
2026-03-09 07:05:00,VIC1,56.5
2026-03-09 07:10:00,VIC1,53.64089
2026-03-09 07:15:00,VIC1,47.83121
2026-03-09 07:20:00,VIC1,26.64262
2026-03-09 07:25:00,VIC1,28.44025
2026-03-09 07:30:00,VIC1,-4.26
2026-03-09 07:35:00,VIC1,-51.73
2026-03-09 07:40:00,VIC1,-7.25
2026-03-09 07:45:00,VIC1,-8.49958
2026-03-09 07:50:00,VIC1,-18.90286
2026-03-09 07:55:00,VIC1,-18.85312
2026-03-09 08:00:00,VIC1,-14.04007
2026-03-09 08:05:00,VIC1,-38.67
2026-03-09 08:10:00,VIC1,-20.37
2026-03-09 08:15:00,VIC1,-18.37522
2026-03-09 08:20:00,VIC1,-7.25
2026-03-09 08:25:00,VIC1,-38.67
2026-03-09 08:30:00,VIC1,-7.26
2026-03-09 08:35:00,VIC1,-13.4
2026-03-09 08:40:00,VIC1,-12.67
2026-03-09 08:45:00,VIC1,-13.4
2026-03-09 08:50:00,VIC1,-12.99819
2026-03-09 08:55:00,VIC1,-13.4
2026-03-09 09:00:00,VIC1,-9.98
2026-03-09 09:05:00,VIC1,-11.76
2026-03-09 09:10:00,VIC1,-13.4
2026-03-09 09:15:00,VIC1,-9.98
2026-03-09 09:20:00,VIC1,-12.67
2026-03-09 09:25:00,VIC1,-14.1
2026-03-09 09:30:00,VIC1,-13.4
2026-03-09 09:35:00,VIC1,-13.4
2026-03-09 09:40:00,VIC1,-13.4
2026-03-09 09:45:00,VIC1,-13.4
2026-03-09 09:50:00,VIC1,-13.4
2026-03-09 09:55:00,VIC1,-12.67
2026-03-09 10:00:00,VIC1,-13.4
2026-03-09 10:05:00,VIC1,-13.4
2026-03-09 10:10:00,VIC1,-12.67
2026-03-09 10:15:00,VIC1,-12.67
2026-03-09 10:20:00,VIC1,-12.67
2026-03-09 10:25:00,VIC1,-13.4
2026-03-09 10:30:00,VIC1,-14.1
2026-03-09 10:35:00,VIC1,-14.1
2026-03-09 10:40:00,VIC1,-18.17
2026-03-09 10:45:00,VIC1,-13.25
2026-03-09 10:50:00,VIC1,-14.1
2026-03-09 10:55:00,VIC1,-16.67
2026-03-09 11:00:00,VIC1,-12.67
2026-03-09 11:05:00,VIC1,-13.25
2026-03-09 11:10:00,VIC1,-13.25
2026-03-09 11:15:00,VIC1,-16.7
2026-03-09 11:20:00,VIC1,-13.28637
2026-03-09 11:25:00,VIC1,-13.18436
2026-03-09 11:30:00,VIC1,-13.64073
2026-03-09 11:35:00,VIC1,-19.07682
2026-03-09 11:40:00,VIC1,-18.17
2026-03-09 11:45:00,VIC1,-13.25
2026-03-09 11:50:00,VIC1,-35.45937
2026-03-09 11:55:00,VIC1,-39.48
2026-03-09 12:00:00,VIC1,-18.39796
2026-03-09 12:05:00,VIC1,-38.67
2026-03-09 12:10:00,VIC1,-39.48
2026-03-09 12:15:00,VIC1,-15.96818
2026-03-09 12:20:00,VIC1,-13.78877
2026-03-09 12:25:00,VIC1,-13.4
2026-03-09 12:30:00,VIC1,-38.67
2026-03-09 12:35:00,VIC1,-49.51702
2026-03-09 12:40:00,VIC1,-36.26
2026-03-09 12:45:00,VIC1,-9.98
2026-03-09 12:50:00,VIC1,-34.66
2026-03-09 12:55:00,VIC1,-14.1
2026-03-09 13:00:00,VIC1,-20.37
2026-03-09 13:05:00,VIC1,-14.1
2026-03-09 13:10:00,VIC1,-34.1
2026-03-09 13:15:00,VIC1,-14.1
2026-03-09 13:20:00,VIC1,-34.1
2026-03-09 13:25:00,VIC1,-19.99
2026-03-09 13:30:00,VIC1,-20.37
2026-03-09 13:35:00,VIC1,-20.37
2026-03-09 13:40:00,VIC1,-7.70393
2026-03-09 13:45:00,VIC1,-14.1
2026-03-09 13:50:00,VIC1,-13.25
2026-03-09 13:55:00,VIC1,-13.4
2026-03-09 14:00:00,VIC1,-4.26
2026-03-09 14:05:00,VIC1,-3.93
2026-03-09 14:10:00,VIC1,-3.49
2026-03-09 14:15:00,VIC1,-0.1
2026-03-09 14:20:00,VIC1,-2.5
2026-03-09 14:25:00,VIC1,-3.49
2026-03-09 14:30:00,VIC1,0.01
2026-03-09 14:35:00,VIC1,0.00071
2026-03-09 14:40:00,VIC1,2.39
2026-03-09 14:45:00,VIC1,6e-05
2026-03-09 14:50:00,VIC1,-0.0497
2026-03-09 14:55:00,VIC1,4.5
2026-03-09 15:00:00,VIC1,-0.1
2026-03-09 15:05:00,VIC1,-3.49
2026-03-09 15:10:00,VIC1,-3.49
2026-03-09 15:15:00,VIC1,4.5
2026-03-09 15:20:00,VIC1,-0.1
2026-03-09 15:25:00,VIC1,-3.49
2026-03-09 15:30:00,VIC1,-1.43675
2026-03-09 15:35:00,VIC1,-0.1
2026-03-09 15:40:00,VIC1,-2.5
2026-03-09 15:45:00,VIC1,-2.5
2026-03-09 15:50:00,VIC1,-2.5
2026-03-09 15:55:00,VIC1,-0.1
2026-03-09 16:00:00,VIC1,-0.1
2026-03-09 16:05:00,VIC1,-0.1
2026-03-09 16:10:00,VIC1,-0.1
2026-03-09 16:15:00,VIC1,-0.0497
2026-03-09 16:20:00,VIC1,0.00052
2026-03-09 16:25:00,VIC1,0.0001
2026-03-09 16:30:00,VIC1,-0.1
2026-03-09 16:35:00,VIC1,-4.11
2026-03-09 16:40:00,VIC1,-4.11
2026-03-09 16:45:00,VIC1,-2.5
2026-03-09 16:50:00,VIC1,-4.11
2026-03-09 16:55:00,VIC1,-0.1
2026-03-09 17:00:00,VIC1,-0.26641
2026-03-09 17:05:00,VIC1,-4.26
2026-03-09 17:10:00,VIC1,-4.75
2026-03-09 17:15:00,VIC1,-4.25
2026-03-09 17:20:00,VIC1,-4.26
2026-03-09 17:25:00,VIC1,-0.1
2026-03-09 17:30:00,VIC1,-1.23519
2026-03-09 17:35:00,VIC1,-0.1
2026-03-09 17:40:00,VIC1,-0.1
2026-03-09 17:45:00,VIC1,3.67998
2026-03-09 17:50:00,VIC1,20.0
2026-03-09 17:55:00,VIC1,90.86108
2026-03-09 18:00:00,VIC1,85.7453
2026-03-09 18:05:00,VIC1,85.29839
2026-03-09 18:10:00,VIC1,74.02
2026-03-09 18:15:00,VIC1,74.02
2026-03-09 18:20:00,VIC1,74.02
2026-03-09 18:25:00,VIC1,74.02
2026-03-09 18:30:00,VIC1,74.02
2026-03-09 18:35:00,VIC1,85.65993
2026-03-09 18:40:00,VIC1,74.68
2026-03-09 18:45:00,VIC1,92.90471
2026-03-09 18:50:00,VIC1,84.43123
2026-03-09 18:55:00,VIC1,94.65692
2026-03-09 19:00:00,VIC1,90.71
2026-03-09 19:05:00,VIC1,82.23295
2026-03-09 19:10:00,VIC1,90.54751
2026-03-09 19:15:00,VIC1,85.26577
2026-03-09 19:20:00,VIC1,93.21878
2026-03-09 19:25:00,VIC1,84.72343
2026-03-09 19:30:00,VIC1,91.46811
2026-03-09 19:35:00,VIC1,92.94603
2026-03-09 19:40:00,VIC1,74.68
2026-03-09 19:45:00,VIC1,82.56617
2026-03-09 19:50:00,VIC1,86.06063
2026-03-09 19:55:00,VIC1,82.02703
2026-03-09 20:00:00,VIC1,86.65305
2026-03-09 20:05:00,VIC1,91.32803
2026-03-09 20:10:00,VIC1,86.51778
2026-03-09 20:15:00,VIC1,91.57007
2026-03-09 20:20:00,VIC1,74.73
2026-03-09 20:25:00,VIC1,85.46439
2026-03-09 20:30:00,VIC1,74.43313
2026-03-09 20:35:00,VIC1,91.15715
2026-03-09 20:40:00,VIC1,94.17129
2026-03-09 20:45:00,VIC1,86.02182
2026-03-09 20:50:00,VIC1,88.48898
2026-03-09 20:55:00,VIC1,86.05065
2026-03-09 21:00:00,VIC1,86.64053
2026-03-09 21:05:00,VIC1,71.63654
2026-03-09 21:10:00,VIC1,85.6608
2026-03-09 21:15:00,VIC1,81.04735
2026-03-09 21:20:00,VIC1,74.68
2026-03-09 21:25:00,VIC1,74.68
2026-03-09 21:30:00,VIC1,83.0047
2026-03-09 21:35:00,VIC1,74.68
2026-03-09 21:40:00,VIC1,90.69941
2026-03-09 21:45:00,VIC1,67.5241
2026-03-09 21:50:00,VIC1,77.84018
2026-03-09 21:55:00,VIC1,78.40079
2026-03-09 22:00:00,VIC1,79.30167
2026-03-09 22:05:00,VIC1,82.95287
2026-03-09 22:10:00,VIC1,91.85745
2026-03-09 22:15:00,VIC1,91.86669
2026-03-09 22:20:00,VIC1,85.78417
2026-03-09 22:25:00,VIC1,93.25611
2026-03-09 22:30:00,VIC1,83.3659
2026-03-09 22:35:00,VIC1,90.66
2026-03-09 22:40:00,VIC1,90.66
2026-03-09 22:45:00,VIC1,92.62949
2026-03-09 22:50:00,VIC1,86.64584
2026-03-09 22:55:00,VIC1,90.66
2026-03-09 23:00:00,VIC1,88.60019
2026-03-09 23:05:00,VIC1,94.72191
2026-03-09 23:10:00,VIC1,92.60961
2026-03-09 23:15:00,VIC1,94.8225
2026-03-09 23:20:00,VIC1,90.66
2026-03-09 23:25:00,VIC1,90.66
2026-03-09 23:30:00,VIC1,90.66
2026-03-09 23:35:00,VIC1,92.11829
2026-03-09 23:40:00,VIC1,93.84821
2026-03-09 23:45:00,VIC1,94.44595
2026-03-09 23:50:00,VIC1,90.66
2026-03-09 23:55:00,VIC1,97.98763
2026-03-10 00:00:00,VIC1,88.59523
2026-03-10 00:05:00,VIC1,87.21043
2026-03-10 00:10:00,VIC1,86.37365
2026-03-10 00:15:00,VIC1,83.99044
2026-03-10 00:20:00,VIC1,86.08044
2026-03-10 00:25:00,VIC1,77.37287
2026-03-10 00:30:00,VIC1,76.43888
2026-03-10 00:35:00,VIC1,86.0089
2026-03-10 00:40:00,VIC1,80.1314
2026-03-10 00:45:00,VIC1,86.81349
2026-03-10 00:50:00,VIC1,80.34025
2026-03-10 00:55:00,VIC1,75.49365
2026-03-10 01:00:00,VIC1,74.94109
2026-03-10 01:05:00,VIC1,77.70203
2026-03-10 01:10:00,VIC1,79.21719
2026-03-10 01:15:00,VIC1,74.89076
2026-03-10 01:20:00,VIC1,74.47305
2026-03-10 01:25:00,VIC1,74.44124
2026-03-10 01:30:00,VIC1,71.43665
2026-03-10 01:35:00,VIC1,69.42477
2026-03-10 01:40:00,VIC1,72.68351
2026-03-10 01:45:00,VIC1,72.78649
2026-03-10 01:50:00,VIC1,72.70755
2026-03-10 01:55:00,VIC1,68.86284
2026-03-10 02:00:00,VIC1,69.3095
2026-03-10 02:05:00,VIC1,71.85709
2026-03-10 02:10:00,VIC1,73.76737
2026-03-10 02:15:00,VIC1,68.73188
2026-03-10 02:20:00,VIC1,70.19756
2026-03-10 02:25:00,VIC1,70.72784
2026-03-10 02:30:00,VIC1,69.2866
2026-03-10 02:35:00,VIC1,70.62338
2026-03-10 02:40:00,VIC1,69.77746
2026-03-10 02:45:00,VIC1,71.11385
2026-03-10 02:50:00,VIC1,70.24304
2026-03-10 02:55:00,VIC1,71.74838
2026-03-10 03:00:00,VIC1,69.66427
2026-03-10 03:05:00,VIC1,71.06619
2026-03-10 03:10:00,VIC1,71.61388
2026-03-10 03:15:00,VIC1,74.20386
2026-03-10 03:20:00,VIC1,69.65497
2026-03-10 03:25:00,VIC1,73.89835
2026-03-10 03:30:00,VIC1,72.988
2026-03-10 03:35:00,VIC1,75.00527
2026-03-10 03:40:00,VIC1,74.08374
2026-03-10 03:45:00,VIC1,74.73074
2026-03-10 03:50:00,VIC1,72.78377
2026-03-10 03:55:00,VIC1,75.21481
2026-03-10 04:00:00,VIC1,82.0343
2026-03-10 04:05:00,VIC1,74.74947
2026-03-10 04:10:00,VIC1,94.0495
2026-03-10 04:15:00,VIC1,83.88958
2026-03-10 04:20:00,VIC1,78.99123
2026-03-10 04:25:00,VIC1,84.16424
2026-03-10 04:30:00,VIC1,93.83172
2026-03-10 04:35:00,VIC1,75.05543
2026-03-10 04:40:00,VIC1,77.75016
2026-03-10 04:45:00,VIC1,94.92102
2026-03-10 04:50:00,VIC1,75.88278
2026-03-10 04:55:00,VIC1,92.69715
2026-03-10 05:00:00,VIC1,93.8646
2026-03-10 05:05:00,VIC1,75.95586
2026-03-10 05:10:00,VIC1,86.68
2026-03-10 05:15:00,VIC1,94.33084
2026-03-10 05:20:00,VIC1,89.32
2026-03-10 05:25:00,VIC1,90.66
2026-03-10 05:30:00,VIC1,93.06878
2026-03-10 05:35:00,VIC1,94.58799
2026-03-10 05:40:00,VIC1,99.67
2026-03-10 05:45:00,VIC1,96.05
2026-03-10 05:50:00,VIC1,103.74236
2026-03-10 05:55:00,VIC1,106.83
2026-03-10 06:00:00,VIC1,105.89
2026-03-10 06:05:00,VIC1,122.2675
2026-03-10 06:10:00,VIC1,130.86844
2026-03-10 06:15:00,VIC1,105.0
2026-03-10 06:20:00,VIC1,106.21048
2026-03-10 06:25:00,VIC1,125.44
2026-03-10 06:30:00,VIC1,100.0
2026-03-10 06:35:00,VIC1,101.27802
2026-03-10 06:40:00,VIC1,99.67
2026-03-10 06:45:00,VIC1,131.31406
2026-03-10 06:50:00,VIC1,115.67
2026-03-10 06:55:00,VIC1,96.1756
2026-03-10 07:00:00,VIC1,107.27679
2026-03-10 07:05:00,VIC1,54.69
2026-03-10 07:10:00,VIC1,38.18823
2026-03-10 07:15:00,VIC1,31.18672
2026-03-10 07:20:00,VIC1,37.9
2026-03-10 07:25:00,VIC1,37.9
2026-03-10 07:30:00,VIC1,27.87711
2026-03-10 07:35:00,VIC1,36.2324
2026-03-10 07:40:00,VIC1,24.42543
2026-03-10 07:45:00,VIC1,35.42682
2026-03-10 07:50:00,VIC1,35.9399
2026-03-10 07:55:00,VIC1,22.00798
2026-03-10 08:00:00,VIC1,21.71441
2026-03-10 08:05:00,VIC1,21.04404
2026-03-10 08:10:00,VIC1,12.99755
2026-03-10 08:15:00,VIC1,10.04
2026-03-10 08:20:00,VIC1,19.18
2026-03-10 08:25:00,VIC1,10.04
2026-03-10 08:30:00,VIC1,0.75192
2026-03-10 08:35:00,VIC1,10.04
2026-03-10 08:40:00,VIC1,10.04
2026-03-10 08:45:00,VIC1,10.04
2026-03-10 08:50:00,VIC1,1.88
2026-03-10 08:55:00,VIC1,4.87
2026-03-10 09:00:00,VIC1,0.0
2026-03-10 09:05:00,VIC1,0.0
2026-03-10 09:10:00,VIC1,10.04
2026-03-10 09:15:00,VIC1,-1.26874
2026-03-10 09:20:00,VIC1,-1.48383
2026-03-10 09:25:00,VIC1,-1.27581
2026-03-10 09:30:00,VIC1,-0.05997
2026-03-10 09:35:00,VIC1,-1.32049
2026-03-10 09:40:00,VIC1,-4.25
2026-03-10 09:45:00,VIC1,-3.49
2026-03-10 09:50:00,VIC1,0.0
2026-03-10 09:55:00,VIC1,0.0
2026-03-10 10:00:00,VIC1,-4.75
2026-03-10 10:05:00,VIC1,0.01
2026-03-10 10:10:00,VIC1,-1.28681
2026-03-10 10:15:00,VIC1,-3.49
2026-03-10 10:20:00,VIC1,-3.49
2026-03-10 10:25:00,VIC1,-3.49
2026-03-10 10:30:00,VIC1,-3.49
2026-03-10 10:35:00,VIC1,-3.49
2026-03-10 10:40:00,VIC1,-3.49
2026-03-10 10:45:00,VIC1,0.0
2026-03-10 10:50:00,VIC1,-4.75
2026-03-10 10:55:00,VIC1,-4.25
2026-03-10 11:00:00,VIC1,-2.93505
2026-03-10 11:05:00,VIC1,-3.49
2026-03-10 11:10:00,VIC1,-4.42
2026-03-10 11:15:00,VIC1,-3.49
2026-03-10 11:20:00,VIC1,0.01
2026-03-10 11:25:00,VIC1,-4.75
2026-03-10 11:30:00,VIC1,0.01
2026-03-10 11:35:00,VIC1,0.01
2026-03-10 11:40:00,VIC1,-3.49
2026-03-10 11:45:00,VIC1,-2.92222
2026-03-10 11:50:00,VIC1,-3.49
2026-03-10 11:55:00,VIC1,0.0
2026-03-10 12:00:00,VIC1,13.67
2026-03-10 12:05:00,VIC1,13.91545
2026-03-10 12:10:00,VIC1,13.25
2026-03-10 12:15:00,VIC1,20.34
2026-03-10 12:20:00,VIC1,33.98
2026-03-10 12:25:00,VIC1,30.86731
2026-03-10 12:30:00,VIC1,35.25314
2026-03-10 12:35:00,VIC1,36.66
2026-03-10 12:40:00,VIC1,36.66
2026-03-10 12:45:00,VIC1,40.67
2026-03-10 12:50:00,VIC1,30.63091
2026-03-10 12:55:00,VIC1,36.69
2026-03-10 13:00:00,VIC1,36.66
2026-03-10 13:05:00,VIC1,38.44735
2026-03-10 13:10:00,VIC1,36.66
2026-03-10 13:15:00,VIC1,35.66715
2026-03-10 13:20:00,VIC1,44.15453
2026-03-10 13:25:00,VIC1,34.63039
2026-03-10 13:30:00,VIC1,32.64877
2026-03-10 13:35:00,VIC1,37.01339
2026-03-10 13:40:00,VIC1,36.66
2026-03-10 13:45:00,VIC1,36.2236
2026-03-10 13:50:00,VIC1,35.83861
2026-03-10 13:55:00,VIC1,35.84257
2026-03-10 14:00:00,VIC1,27.48
2026-03-10 14:05:00,VIC1,34.91
2026-03-10 14:10:00,VIC1,36.66
2026-03-10 14:15:00,VIC1,35.94
2026-03-10 14:20:00,VIC1,36.69
2026-03-10 14:25:00,VIC1,37.7
2026-03-10 14:30:00,VIC1,46.57878
2026-03-10 14:35:00,VIC1,35.94
2026-03-10 14:40:00,VIC1,41.46268
2026-03-10 14:45:00,VIC1,42.3071
2026-03-10 14:50:00,VIC1,39.96018
2026-03-10 14:55:00,VIC1,45.42316
2026-03-10 15:00:00,VIC1,37.02023
2026-03-10 15:05:00,VIC1,40.27709
2026-03-10 15:10:00,VIC1,50.94031
2026-03-10 15:15:00,VIC1,53.9533
2026-03-10 15:20:00,VIC1,56.5
2026-03-10 15:25:00,VIC1,56.5
2026-03-10 15:30:00,VIC1,56.5
2026-03-10 15:35:00,VIC1,56.5
2026-03-10 15:40:00,VIC1,56.5
2026-03-10 15:45:00,VIC1,56.5
2026-03-10 15:50:00,VIC1,56.5
2026-03-10 15:55:00,VIC1,92.04
2026-03-10 16:00:00,VIC1,62.1519
2026-03-10 16:05:00,VIC1,59.50802
2026-03-10 16:10:00,VIC1,56.5
2026-03-10 16:15:00,VIC1,59.00766
2026-03-10 16:20:00,VIC1,74.68
2026-03-10 16:25:00,VIC1,74.68
2026-03-10 16:30:00,VIC1,90.7
2026-03-10 16:35:00,VIC1,90.67
2026-03-10 16:40:00,VIC1,58.5
2026-03-10 16:45:00,VIC1,58.5
2026-03-10 16:50:00,VIC1,64.81354
2026-03-10 16:55:00,VIC1,90.67
2026-03-10 17:00:00,VIC1,90.66
2026-03-10 17:05:00,VIC1,75.88303
2026-03-10 17:10:00,VIC1,73.79942
2026-03-10 17:15:00,VIC1,84.65952
2026-03-10 17:20:00,VIC1,115.67
2026-03-10 17:25:00,VIC1,126.59
2026-03-10 17:30:00,VIC1,136.16431
2026-03-10 17:35:00,VIC1,118.56342
2026-03-10 17:40:00,VIC1,118.43
2026-03-10 17:45:00,VIC1,118.43
2026-03-10 17:50:00,VIC1,115.74919
2026-03-10 17:55:00,VIC1,132.6141
2026-03-10 18:00:00,VIC1,133.59027
2026-03-10 18:05:00,VIC1,128.03378
2026-03-10 18:10:00,VIC1,132.32476
2026-03-10 18:15:00,VIC1,122.60679
2026-03-10 18:20:00,VIC1,124.88217
2026-03-10 18:25:00,VIC1,124.05944
2026-03-10 18:30:00,VIC1,118.54755
2026-03-10 18:35:00,VIC1,118.43
2026-03-10 18:40:00,VIC1,99.69
2026-03-10 18:45:00,VIC1,100.61228
2026-03-10 18:50:00,VIC1,106.92
2026-03-10 18:55:00,VIC1,101.35277
2026-03-10 19:00:00,VIC1,99.69
2026-03-10 19:05:00,VIC1,106.84
2026-03-10 19:10:00,VIC1,100.56012
2026-03-10 19:15:00,VIC1,97.79938
2026-03-10 19:20:00,VIC1,94.84256
2026-03-10 19:25:00,VIC1,81.37167
2026-03-10 19:30:00,VIC1,79.37586
2026-03-10 19:35:00,VIC1,84.19951
2026-03-10 19:40:00,VIC1,79.27837
2026-03-10 19:45:00,VIC1,74.98606
2026-03-10 19:50:00,VIC1,74.97238
2026-03-10 19:55:00,VIC1,72.69
2026-03-10 20:00:00,VIC1,74.02
2026-03-10 20:05:00,VIC1,72.67
2026-03-10 20:10:00,VIC1,72.69
2026-03-10 20:15:00,VIC1,67.48905
2026-03-10 20:20:00,VIC1,68.61294
2026-03-10 20:25:00,VIC1,48.09979
2026-03-10 20:30:00,VIC1,56.70667
2026-03-10 20:35:00,VIC1,69.64913
2026-03-10 20:40:00,VIC1,70.16143
2026-03-10 20:45:00,VIC1,58.5
2026-03-10 20:50:00,VIC1,57.16764
2026-03-10 20:55:00,VIC1,58.5
2026-03-10 21:00:00,VIC1,56.5
2026-03-10 21:05:00,VIC1,57.15824
2026-03-10 21:10:00,VIC1,56.5
2026-03-10 21:15:00,VIC1,56.5
2026-03-10 21:20:00,VIC1,56.5
2026-03-10 21:25:00,VIC1,56.5
2026-03-10 21:30:00,VIC1,56.5
2026-03-10 21:35:00,VIC1,56.5
2026-03-10 21:40:00,VIC1,56.5
2026-03-10 21:45:00,VIC1,55.99
2026-03-10 21:50:00,VIC1,55.97
2026-03-10 21:55:00,VIC1,55.64606
2026-03-10 22:00:00,VIC1,54.67
2026-03-10 22:05:00,VIC1,54.69
2026-03-10 22:10:00,VIC1,56.5
2026-03-10 22:15:00,VIC1,44.43357
2026-03-10 22:20:00,VIC1,54.14464
2026-03-10 22:25:00,VIC1,54.52596
2026-03-10 22:30:00,VIC1,53.62102
2026-03-10 22:35:00,VIC1,53.34802
2026-03-10 22:40:00,VIC1,53.78191
2026-03-10 22:45:00,VIC1,45.43179
2026-03-10 22:50:00,VIC1,46.9066
2026-03-10 22:55:00,VIC1,46.5624
2026-03-10 23:00:00,VIC1,32.661
2026-03-10 23:05:00,VIC1,24.15231
2026-03-10 23:10:00,VIC1,46.67
2026-03-10 23:15:00,VIC1,35.9401
2026-03-10 23:20:00,VIC1,20.78124
2026-03-10 23:25:00,VIC1,20.04
2026-03-10 23:30:00,VIC1,20.14848
2026-03-10 23:35:00,VIC1,20.42018
2026-03-10 23:40:00,VIC1,20.18532
2026-03-10 23:45:00,VIC1,12.71008
2026-03-10 23:50:00,VIC1,9.5445
2026-03-10 23:55:00,VIC1,0.01006
2026-03-11 00:00:00,VIC1,8.95
2026-03-11 00:05:00,VIC1,6.82
2026-03-11 00:10:00,VIC1,8.95
2026-03-11 00:15:00,VIC1,8.95
2026-03-11 00:20:00,VIC1,0.01006
2026-03-11 00:25:00,VIC1,8.95
2026-03-11 00:30:00,VIC1,8.95
2026-03-11 00:35:00,VIC1,8.95
2026-03-11 00:40:00,VIC1,0.01006
2026-03-11 00:45:00,VIC1,0.01006
2026-03-11 00:50:00,VIC1,8.95
2026-03-11 00:55:00,VIC1,9.09135
2026-03-11 01:00:00,VIC1,8.95
2026-03-11 01:05:00,VIC1,0.00022
2026-03-11 01:10:00,VIC1,5.65
2026-03-11 01:15:00,VIC1,0.01
2026-03-11 01:20:00,VIC1,0.01
2026-03-11 01:25:00,VIC1,0.0
2026-03-11 01:30:00,VIC1,-0.06
2026-03-11 01:35:00,VIC1,-0.07
2026-03-11 01:40:00,VIC1,-2.5
2026-03-11 01:45:00,VIC1,-0.09976
2026-03-11 01:50:00,VIC1,-0.09976
2026-03-11 01:55:00,VIC1,-4.12918
2026-03-11 02:00:00,VIC1,-4.01375
2026-03-11 02:05:00,VIC1,-2.5
2026-03-11 02:10:00,VIC1,-4.05725
2026-03-11 02:15:00,VIC1,-0.1
2026-03-11 02:20:00,VIC1,-0.1
2026-03-11 02:25:00,VIC1,-4.22789
2026-03-11 02:30:00,VIC1,-4.2323
2026-03-11 02:35:00,VIC1,-4.36
2026-03-11 02:40:00,VIC1,-4.2796
2026-03-11 02:45:00,VIC1,-4.42
2026-03-11 02:50:00,VIC1,-6.5
2026-03-11 02:55:00,VIC1,-6.5
2026-03-11 03:00:00,VIC1,-4.42
2026-03-11 03:05:00,VIC1,-6.5
2026-03-11 03:10:00,VIC1,-4.44072
2026-03-11 03:15:00,VIC1,-4.68
2026-03-11 03:20:00,VIC1,-7.99
2026-03-11 03:25:00,VIC1,-6.95645
2026-03-11 03:30:00,VIC1,-6.85106
2026-03-11 03:35:00,VIC1,-6.5
2026-03-11 03:40:00,VIC1,-4.42
2026-03-11 03:45:00,VIC1,-6.5
2026-03-11 03:50:00,VIC1,-7.3869
2026-03-11 03:55:00,VIC1,-6.5
2026-03-11 04:00:00,VIC1,-4.42
2026-03-11 04:05:00,VIC1,-6.89676
2026-03-11 04:10:00,VIC1,-7.42844
2026-03-11 04:15:00,VIC1,-6.5
2026-03-11 04:20:00,VIC1,-6.93534
2026-03-11 04:25:00,VIC1,-6.90197
2026-03-11 04:30:00,VIC1,-6.5
2026-03-11 04:35:00,VIC1,-7.99
2026-03-11 04:40:00,VIC1,-7.26163
2026-03-11 04:45:00,VIC1,-7.32839
2026-03-11 04:50:00,VIC1,-7.36474
2026-03-11 04:55:00,VIC1,-6.5
2026-03-11 05:00:00,VIC1,-6.5
2026-03-11 05:05:00,VIC1,-4.42
2026-03-11 05:10:00,VIC1,-4.42
2026-03-11 05:15:00,VIC1,-4.36
2026-03-11 05:20:00,VIC1,-4.42
2026-03-11 05:25:00,VIC1,-4.42
2026-03-11 05:30:00,VIC1,-4.42
2026-03-11 05:35:00,VIC1,-4.5919
2026-03-11 05:40:00,VIC1,-8.66513
2026-03-11 05:45:00,VIC1,-4.42
2026-03-11 05:50:00,VIC1,-7.99
2026-03-11 05:55:00,VIC1,-7.99
2026-03-11 06:00:00,VIC1,-7.14354
2026-03-11 06:05:00,VIC1,-7.04376
2026-03-11 06:10:00,VIC1,-4.29016
2026-03-11 06:15:00,VIC1,-0.1
2026-03-11 06:20:00,VIC1,-0.1
2026-03-11 06:25:00,VIC1,-0.1
2026-03-11 06:30:00,VIC1,-1.14583
2026-03-11 06:35:00,VIC1,-0.1
2026-03-11 06:40:00,VIC1,-0.1
2026-03-11 06:45:00,VIC1,-0.1
2026-03-11 06:50:00,VIC1,-0.1
2026-03-11 06:55:00,VIC1,-0.1
2026-03-11 07:00:00,VIC1,-0.1
2026-03-11 07:05:00,VIC1,-0.1
2026-03-11 07:10:00,VIC1,-3.88841
2026-03-11 07:15:00,VIC1,-0.1
2026-03-11 07:20:00,VIC1,-4.42
2026-03-11 07:25:00,VIC1,-6.5
2026-03-11 07:30:00,VIC1,-6.5
2026-03-11 07:35:00,VIC1,-6.5
2026-03-11 07:40:00,VIC1,-6.5
2026-03-11 07:45:00,VIC1,-6.5
2026-03-11 07:50:00,VIC1,-7.2839
2026-03-11 07:55:00,VIC1,-6.5
2026-03-11 08:00:00,VIC1,-6.66053
2026-03-11 08:05:00,VIC1,-7.99
2026-03-11 08:10:00,VIC1,0.01
2026-03-11 08:15:00,VIC1,-7.99
2026-03-11 08:20:00,VIC1,-15.86521
2026-03-11 08:25:00,VIC1,-4.82239
2026-03-11 08:30:00,VIC1,-1.89592
2026-03-11 08:35:00,VIC1,-7.99
2026-03-11 08:40:00,VIC1,-7.99
2026-03-11 08:45:00,VIC1,-4.628
2026-03-11 08:50:00,VIC1,-6.66698
2026-03-11 08:55:00,VIC1,-2.68
2026-03-11 09:00:00,VIC1,-2.30759
2026-03-11 09:05:00,VIC1,-4.50835
2026-03-11 09:10:00,VIC1,-4.65135
2026-03-11 09:15:00,VIC1,-4.42
2026-03-11 09:20:00,VIC1,-4.26
2026-03-11 09:25:00,VIC1,-4.36
2026-03-11 09:30:00,VIC1,-4.26
2026-03-11 09:35:00,VIC1,-4.19096
2026-03-11 09:40:00,VIC1,-4.26
2026-03-11 09:45:00,VIC1,-4.26
2026-03-11 09:50:00,VIC1,-4.36
2026-03-11 09:55:00,VIC1,-4.42
2026-03-11 10:00:00,VIC1,-4.87561
2026-03-11 10:05:00,VIC1,-4.42
2026-03-11 10:10:00,VIC1,-4.22013
2026-03-11 10:15:00,VIC1,-3.25
2026-03-11 10:20:00,VIC1,-3.78008
2026-03-11 10:25:00,VIC1,-4.25
2026-03-11 10:30:00,VIC1,-4.42
2026-03-11 10:35:00,VIC1,-4.26
2026-03-11 10:40:00,VIC1,-4.26
2026-03-11 10:45:00,VIC1,-3.25
2026-03-11 10:50:00,VIC1,-0.1
2026-03-11 10:55:00,VIC1,14.04937
2026-03-11 11:00:00,VIC1,46.67
2026-03-11 11:05:00,VIC1,36.88015
2026-03-11 11:10:00,VIC1,35.87015
2026-03-11 11:15:00,VIC1,46.74
2026-03-11 11:20:00,VIC1,50.94
2026-03-11 11:25:00,VIC1,54.67
2026-03-11 11:30:00,VIC1,19.68
2026-03-11 11:35:00,VIC1,35.01371
2026-03-11 11:40:00,VIC1,-3.25
2026-03-11 11:45:00,VIC1,0.0
2026-03-11 11:50:00,VIC1,54.4
2026-03-11 11:55:00,VIC1,8.95
2026-03-11 12:00:00,VIC1,0.01
2026-03-11 12:05:00,VIC1,8.6126
2026-03-11 12:10:00,VIC1,0.02165
2026-03-11 12:15:00,VIC1,-3.25
2026-03-11 12:20:00,VIC1,-2.5
2026-03-11 12:25:00,VIC1,0.0
2026-03-11 12:30:00,VIC1,-4.06208
2026-03-11 12:35:00,VIC1,-4.8296
2026-03-11 12:40:00,VIC1,-3.98082
2026-03-11 12:45:00,VIC1,-3.81097
2026-03-11 12:50:00,VIC1,-3.86263
2026-03-11 12:55:00,VIC1,-3.80271
2026-03-11 13:00:00,VIC1,-4.46032
2026-03-11 13:05:00,VIC1,-4.58148
2026-03-11 13:10:00,VIC1,-5.09
2026-03-11 13:15:00,VIC1,-8.29993
2026-03-11 13:20:00,VIC1,-12.67
2026-03-11 13:25:00,VIC1,-12.67
2026-03-11 13:30:00,VIC1,-13.4
2026-03-11 13:35:00,VIC1,-14.04
2026-03-11 13:40:00,VIC1,-14.04
2026-03-11 13:45:00,VIC1,-14.13993
2026-03-11 13:50:00,VIC1,-14.04
2026-03-11 13:55:00,VIC1,-7.34993
2026-03-11 14:00:00,VIC1,-28.23273
2026-03-11 14:05:00,VIC1,-19.99
2026-03-11 14:10:00,VIC1,-14.1
2026-03-11 14:15:00,VIC1,-14.1
2026-03-11 14:20:00,VIC1,-16.72
2026-03-11 14:25:00,VIC1,-19.99
2026-03-11 14:30:00,VIC1,-30.24
2026-03-11 14:35:00,VIC1,-34.46
2026-03-11 14:40:00,VIC1,-36.67
2026-03-11 14:45:00,VIC1,-38.67
2026-03-11 14:50:00,VIC1,-40.37
2026-03-11 14:55:00,VIC1,-38.69
2026-03-11 15:00:00,VIC1,-39.12
2026-03-11 15:05:00,VIC1,-40.97
2026-03-11 15:10:00,VIC1,-38.69
2026-03-11 15:15:00,VIC1,-50.01
2026-03-11 15:20:00,VIC1,-50.01
2026-03-11 15:25:00,VIC1,-50.11
2026-03-11 15:30:00,VIC1,-38.78
2026-03-11 15:35:00,VIC1,-50.11
2026-03-11 15:40:00,VIC1,-38.69
2026-03-11 15:45:00,VIC1,-16.67
2026-03-11 15:50:00,VIC1,-19.99
2026-03-11 15:55:00,VIC1,-19.99
2026-03-11 16:00:00,VIC1,-50.11
2026-03-11 16:05:00,VIC1,-38.67
2026-03-11 16:10:00,VIC1,-20.92465
2026-03-11 16:15:00,VIC1,-20.89518
2026-03-11 16:20:00,VIC1,-14.1
2026-03-11 16:25:00,VIC1,-13.4
2026-03-11 16:30:00,VIC1,-13.4
2026-03-11 16:35:00,VIC1,-13.4
2026-03-11 16:40:00,VIC1,-13.4
2026-03-11 16:45:00,VIC1,-13.4
2026-03-11 16:50:00,VIC1,-13.4
2026-03-11 16:55:00,VIC1,-13.4
2026-03-11 17:00:00,VIC1,-13.4
2026-03-11 17:05:00,VIC1,-8.4704
2026-03-11 17:10:00,VIC1,-7.99
2026-03-11 17:15:00,VIC1,-7.99
2026-03-11 17:20:00,VIC1,-8.53211
2026-03-11 17:25:00,VIC1,-7.99
2026-03-11 17:30:00,VIC1,-7.99
2026-03-11 17:35:00,VIC1,-13.4
2026-03-11 17:40:00,VIC1,-7.35822
2026-03-11 17:45:00,VIC1,-7.7116
2026-03-11 17:50:00,VIC1,-7.26764
2026-03-11 17:55:00,VIC1,-6.5
2026-03-11 18:00:00,VIC1,-4.26
2026-03-11 18:05:00,VIC1,-6.5
2026-03-11 18:10:00,VIC1,-4.42
2026-03-11 18:15:00,VIC1,-4.04841
2026-03-11 18:20:00,VIC1,-2.5
2026-03-11 18:25:00,VIC1,-0.1
2026-03-11 18:30:00,VIC1,-0.1
2026-03-11 18:35:00,VIC1,-4.01792
2026-03-11 18:40:00,VIC1,-2.5
2026-03-11 18:45:00,VIC1,-0.1
2026-03-11 18:50:00,VIC1,-0.1
2026-03-11 18:55:00,VIC1,0.0
2026-03-11 19:00:00,VIC1,0.0
2026-03-11 19:05:00,VIC1,6.82
2026-03-11 19:10:00,VIC1,8.32202
2026-03-11 19:15:00,VIC1,12.71
2026-03-11 19:20:00,VIC1,12.71
2026-03-11 19:25:00,VIC1,12.71
2026-03-11 19:30:00,VIC1,12.71
2026-03-11 19:35:00,VIC1,15.66
2026-03-11 19:40:00,VIC1,12.71
2026-03-11 19:45:00,VIC1,12.71
2026-03-11 19:50:00,VIC1,12.71
2026-03-11 19:55:00,VIC1,12.71
2026-03-11 20:00:00,VIC1,8.94951
2026-03-11 20:05:00,VIC1,8.95022
2026-03-11 20:10:00,VIC1,7.95022
2026-03-11 20:15:00,VIC1,8.69229
2026-03-11 20:20:00,VIC1,8.95022
2026-03-11 20:25:00,VIC1,8.95022
2026-03-11 20:30:00,VIC1,8.94956
2026-03-11 20:35:00,VIC1,12.71
2026-03-11 20:40:00,VIC1,13.69991
2026-03-11 20:45:00,VIC1,8.9502
2026-03-11 20:50:00,VIC1,12.71
2026-03-11 20:55:00,VIC1,12.71
2026-03-11 21:00:00,VIC1,12.71
2026-03-11 21:05:00,VIC1,8.95018
2026-03-11 21:10:00,VIC1,12.71
2026-03-11 21:15:00,VIC1,8.50174
2026-03-11 21:20:00,VIC1,8.95
2026-03-11 21:25:00,VIC1,8.95
2026-03-11 21:30:00,VIC1,12.71
2026-03-11 21:35:00,VIC1,12.71
2026-03-11 21:40:00,VIC1,12.71
2026-03-11 21:45:00,VIC1,8.95
2026-03-11 21:50:00,VIC1,12.71
2026-03-11 21:55:00,VIC1,8.95017
2026-03-11 22:00:00,VIC1,12.71
2026-03-11 22:05:00,VIC1,12.71
2026-03-11 22:10:00,VIC1,15.66
2026-03-11 22:15:00,VIC1,15.66
2026-03-11 22:20:00,VIC1,12.71
2026-03-11 22:25:00,VIC1,8.95
2026-03-11 22:30:00,VIC1,8.95
2026-03-11 22:35:00,VIC1,12.71
2026-03-11 22:40:00,VIC1,8.82993
2026-03-11 22:45:00,VIC1,8.83308
2026-03-11 22:50:00,VIC1,8.95
2026-03-11 22:55:00,VIC1,8.86209
2026-03-11 23:00:00,VIC1,8.95
2026-03-11 23:05:00,VIC1,8.95
2026-03-11 23:10:00,VIC1,15.66
2026-03-11 23:15:00,VIC1,15.66
2026-03-11 23:20:00,VIC1,15.66
2026-03-11 23:25:00,VIC1,15.66
2026-03-11 23:30:00,VIC1,15.66
2026-03-11 23:35:00,VIC1,17.64026
2026-03-11 23:40:00,VIC1,15.69
2026-03-11 23:45:00,VIC1,15.66
2026-03-11 23:50:00,VIC1,15.66
2026-03-11 23:55:00,VIC1,15.66
2026-03-12 00:00:00,VIC1,13.05287
2026-03-12 00:05:00,VIC1,15.67
2026-03-12 00:10:00,VIC1,12.71
2026-03-12 00:15:00,VIC1,12.71
2026-03-12 00:20:00,VIC1,8.5818
2026-03-12 00:25:00,VIC1,8.95
2026-03-12 00:30:00,VIC1,7.95029
2026-03-12 00:35:00,VIC1,0.01
2026-03-12 00:40:00,VIC1,6.82
2026-03-12 00:45:00,VIC1,12.71
2026-03-12 00:50:00,VIC1,8.95
2026-03-12 00:55:00,VIC1,0.01
2026-03-12 01:00:00,VIC1,8.50577
2026-03-12 01:05:00,VIC1,8.95
2026-03-12 01:10:00,VIC1,8.95
2026-03-12 01:15:00,VIC1,8.95
2026-03-12 01:20:00,VIC1,6.82
2026-03-12 01:25:00,VIC1,8.89988
2026-03-12 01:30:00,VIC1,8.9
2026-03-12 01:35:00,VIC1,7.95
2026-03-12 01:40:00,VIC1,6.82
2026-03-12 01:45:00,VIC1,8.62295
2026-03-12 01:50:00,VIC1,8.90021
2026-03-12 01:55:00,VIC1,8.95
2026-03-12 02:00:00,VIC1,8.95
2026-03-12 02:05:00,VIC1,8.95
2026-03-12 02:10:00,VIC1,8.95
2026-03-12 02:15:00,VIC1,0.01
2026-03-12 02:20:00,VIC1,8.95
2026-03-12 02:25:00,VIC1,8.95
2026-03-12 02:30:00,VIC1,14.21005
2026-03-12 02:35:00,VIC1,8.95
2026-03-12 02:40:00,VIC1,12.71
2026-03-12 02:45:00,VIC1,12.71
2026-03-12 02:50:00,VIC1,12.71
2026-03-12 02:55:00,VIC1,12.71
2026-03-12 03:00:00,VIC1,0.01
2026-03-12 03:05:00,VIC1,6.75
2026-03-12 03:10:00,VIC1,12.71
2026-03-12 03:15:00,VIC1,8.95
2026-03-12 03:20:00,VIC1,8.95
2026-03-12 03:25:00,VIC1,15.66
2026-03-12 03:30:00,VIC1,15.66
2026-03-12 03:35:00,VIC1,13.84581
2026-03-12 03:40:00,VIC1,14.5681
2026-03-12 03:45:00,VIC1,15.67
2026-03-12 03:50:00,VIC1,15.67
2026-03-12 03:55:00,VIC1,15.7
2026-03-12 04:00:00,VIC1,17.59965
2026-03-12 04:05:00,VIC1,15.7
2026-03-12 04:10:00,VIC1,15.68
2026-03-12 04:15:00,VIC1,17.88334
2026-03-12 04:20:00,VIC1,22.05
2026-03-12 04:25:00,VIC1,20.55749
2026-03-12 04:30:00,VIC1,19.18
2026-03-12 04:35:00,VIC1,19.68
2026-03-12 04:40:00,VIC1,22.05
2026-03-12 04:45:00,VIC1,22.05
2026-03-12 04:50:00,VIC1,31.69
2026-03-12 04:55:00,VIC1,31.69
2026-03-12 05:00:00,VIC1,20.9534
2026-03-12 05:05:00,VIC1,21.40642
2026-03-12 05:10:00,VIC1,31.69
2026-03-12 05:15:00,VIC1,22.05
2026-03-12 05:20:00,VIC1,20.98292
2026-03-12 05:25:00,VIC1,21.10823
2026-03-12 05:30:00,VIC1,21.10823
2026-03-12 05:35:00,VIC1,19.18004
2026-03-12 05:40:00,VIC1,20.03427
2026-03-12 05:45:00,VIC1,19.18004
2026-03-12 05:50:00,VIC1,22.01314
2026-03-12 05:55:00,VIC1,22.05
2026-03-12 06:00:00,VIC1,19.18004
2026-03-12 06:05:00,VIC1,15.93
2026-03-12 06:10:00,VIC1,19.18004
2026-03-12 06:15:00,VIC1,22.7619
2026-03-12 06:20:00,VIC1,21.1885
2026-03-12 06:25:00,VIC1,22.05
2026-03-12 06:30:00,VIC1,30.2238
2026-03-12 06:35:00,VIC1,31.69
2026-03-12 06:40:00,VIC1,31.9
2026-03-12 06:45:00,VIC1,31.69
2026-03-12 06:50:00,VIC1,31.69
2026-03-12 06:55:00,VIC1,21.47347
2026-03-12 07:00:00,VIC1,30.20853
2026-03-12 07:05:00,VIC1,26.58473
2026-03-12 07:10:00,VIC1,29.71259
2026-03-12 07:15:00,VIC1,21.42597
2026-03-12 07:20:00,VIC1,12.71
2026-03-12 07:25:00,VIC1,23.18682
2026-03-12 07:30:00,VIC1,8.95026
2026-03-12 07:35:00,VIC1,-0.0497
2026-03-12 07:40:00,VIC1,-0.1
2026-03-12 07:45:00,VIC1,-2.84239
2026-03-12 07:50:00,VIC1,-4.26
2026-03-12 07:55:00,VIC1,-7.25
2026-03-12 08:00:00,VIC1,-4.75
2026-03-12 08:05:00,VIC1,-4.75
2026-03-12 08:10:00,VIC1,-7.99
2026-03-12 08:15:00,VIC1,-7.99
2026-03-12 08:20:00,VIC1,-7.25
2026-03-12 08:25:00,VIC1,-7.25
2026-03-12 08:30:00,VIC1,-4.75
2026-03-12 08:35:00,VIC1,-4.36
2026-03-12 08:40:00,VIC1,-4.75
2026-03-12 08:45:00,VIC1,-6.5
2026-03-12 08:50:00,VIC1,-4.26
2026-03-12 08:55:00,VIC1,-4.26
2026-03-12 09:00:00,VIC1,-4.75
2026-03-12 09:05:00,VIC1,-4.42
2026-03-12 09:10:00,VIC1,-4.26
2026-03-12 09:15:00,VIC1,-3.93
2026-03-12 09:20:00,VIC1,-4.26
2026-03-12 09:25:00,VIC1,-4.26
2026-03-12 09:30:00,VIC1,-6.5
2026-03-12 09:35:00,VIC1,-4.75
2026-03-12 09:40:00,VIC1,-7.25
2026-03-12 09:45:00,VIC1,-4.75
2026-03-12 09:50:00,VIC1,-7.25
2026-03-12 09:55:00,VIC1,-4.42
2026-03-12 10:00:00,VIC1,-4.42
2026-03-12 10:05:00,VIC1,-4.42
2026-03-12 10:10:00,VIC1,-4.42
2026-03-12 10:15:00,VIC1,-7.25
2026-03-12 10:20:00,VIC1,-4.75
2026-03-12 10:25:00,VIC1,-7.25
2026-03-12 10:30:00,VIC1,-6.5
2026-03-12 10:35:00,VIC1,-6.7982
2026-03-12 10:40:00,VIC1,-12.67
2026-03-12 10:45:00,VIC1,-6.5
2026-03-12 10:50:00,VIC1,-7.75082
2026-03-12 10:55:00,VIC1,-12.67
2026-03-12 11:00:00,VIC1,-13.4
2026-03-12 11:05:00,VIC1,-7.25
2026-03-12 11:10:00,VIC1,-12.67
2026-03-12 11:15:00,VIC1,-13.06
2026-03-12 11:20:00,VIC1,-12.67
2026-03-12 11:25:00,VIC1,-6.5
2026-03-12 11:30:00,VIC1,-6.5
2026-03-12 11:35:00,VIC1,-14.04
2026-03-12 11:40:00,VIC1,-14.04
2026-03-12 11:45:00,VIC1,-13.4
2026-03-12 11:50:00,VIC1,-19.99
2026-03-12 11:55:00,VIC1,-19.99
2026-03-12 12:00:00,VIC1,-34.1
2026-03-12 12:05:00,VIC1,-13.25
2026-03-12 12:10:00,VIC1,-19.99
2026-03-12 12:15:00,VIC1,-13.4
2026-03-12 12:20:00,VIC1,-38.67
2026-03-12 12:25:00,VIC1,-38.67
2026-03-12 12:30:00,VIC1,-14.1
2026-03-12 12:35:00,VIC1,-14.1
2026-03-12 12:40:00,VIC1,-14.1
2026-03-12 12:45:00,VIC1,-14.1
2026-03-12 12:50:00,VIC1,-20.37
2026-03-12 12:55:00,VIC1,-19.99
2026-03-12 13:00:00,VIC1,-20.37
2026-03-12 13:05:00,VIC1,-19.99
2026-03-12 13:10:00,VIC1,-14.1
2026-03-12 13:15:00,VIC1,-34.1
2026-03-12 13:20:00,VIC1,-35.96
2026-03-12 13:25:00,VIC1,-14.1
2026-03-12 13:30:00,VIC1,-19.99
2026-03-12 13:35:00,VIC1,-34.1
2026-03-12 13:40:00,VIC1,-34.1
2026-03-12 13:45:00,VIC1,-10.26
2026-03-12 13:50:00,VIC1,-17.36644
2026-03-12 13:55:00,VIC1,-13.4
2026-03-12 14:00:00,VIC1,-13.06
2026-03-12 14:05:00,VIC1,-19.99
2026-03-12 14:10:00,VIC1,-13.07
2026-03-12 14:15:00,VIC1,-14.1
2026-03-12 14:20:00,VIC1,-19.99
2026-03-12 14:25:00,VIC1,-14.1
2026-03-12 14:30:00,VIC1,-19.99
2026-03-12 14:35:00,VIC1,-7.25
2026-03-12 14:40:00,VIC1,-19.99
2026-03-12 14:45:00,VIC1,-19.07
2026-03-12 14:50:00,VIC1,-19.99
2026-03-12 14:55:00,VIC1,-14.1
2026-03-12 15:00:00,VIC1,-14.1
2026-03-12 15:05:00,VIC1,-37.16
2026-03-12 15:10:00,VIC1,-14.1
2026-03-12 15:15:00,VIC1,-19.99
2026-03-12 15:20:00,VIC1,-33.58
2026-03-12 15:25:00,VIC1,-14.1
2026-03-12 15:30:00,VIC1,-13.4
2026-03-12 15:35:00,VIC1,-13.4
2026-03-12 15:40:00,VIC1,-14.1
2026-03-12 15:45:00,VIC1,-13.4
2026-03-12 15:50:00,VIC1,-10.57
2026-03-12 15:55:00,VIC1,-7.25
2026-03-12 16:00:00,VIC1,-6.5
2026-03-12 16:05:00,VIC1,-6.5
2026-03-12 16:10:00,VIC1,-6.5
2026-03-12 16:15:00,VIC1,-4.42
2026-03-12 16:20:00,VIC1,-4.75
2026-03-12 16:25:00,VIC1,-3.93
2026-03-12 16:30:00,VIC1,-3.25
2026-03-12 16:35:00,VIC1,-2.5
2026-03-12 16:40:00,VIC1,-5.09
2026-03-12 16:45:00,VIC1,-3.93
2026-03-12 16:50:00,VIC1,-5.61
2026-03-12 16:55:00,VIC1,-5.09
2026-03-12 17:00:00,VIC1,-4.26
2026-03-12 17:05:00,VIC1,-7.3108
2026-03-12 17:10:00,VIC1,-4.26
2026-03-12 17:15:00,VIC1,-6.16447
2026-03-12 17:20:00,VIC1,-4.26
2026-03-12 17:25:00,VIC1,-3.84474
2026-03-12 17:30:00,VIC1,-4.26
2026-03-12 17:35:00,VIC1,-4.01362
2026-03-12 17:40:00,VIC1,-3.82879
2026-03-12 17:45:00,VIC1,-4.0839
2026-03-12 17:50:00,VIC1,-4.24531
2026-03-12 17:55:00,VIC1,-3.25
2026-03-12 18:00:00,VIC1,-0.1
2026-03-12 18:05:00,VIC1,-2.5
2026-03-12 18:10:00,VIC1,-0.1
2026-03-12 18:15:00,VIC1,0.00026
2026-03-12 18:20:00,VIC1,0.01
2026-03-12 18:25:00,VIC1,0.01
2026-03-12 18:30:00,VIC1,8.95
2026-03-12 18:35:00,VIC1,12.71
2026-03-12 18:40:00,VIC1,17.28008
2026-03-12 18:45:00,VIC1,12.71
2026-03-12 18:50:00,VIC1,12.71
2026-03-12 18:55:00,VIC1,12.71
2026-03-12 19:00:00,VIC1,12.71
2026-03-12 19:05:00,VIC1,8.95
2026-03-12 19:10:00,VIC1,8.95014
2026-03-12 19:15:00,VIC1,8.95
2026-03-12 19:20:00,VIC1,8.94975
2026-03-12 19:25:00,VIC1,8.95
2026-03-12 19:30:00,VIC1,12.71
2026-03-12 19:35:00,VIC1,8.67063
2026-03-12 19:40:00,VIC1,8.69749
2026-03-12 19:45:00,VIC1,8.84921
2026-03-12 19:50:00,VIC1,8.86048
2026-03-12 19:55:00,VIC1,8.9477
2026-03-12 20:00:00,VIC1,8.95
2026-03-12 20:05:00,VIC1,9.21991
2026-03-12 20:10:00,VIC1,8.99755
2026-03-12 20:15:00,VIC1,6.82
2026-03-12 20:20:00,VIC1,6.96045
2026-03-12 20:25:00,VIC1,8.95
2026-03-12 20:30:00,VIC1,9.12604
2026-03-12 20:35:00,VIC1,12.71
2026-03-12 20:40:00,VIC1,12.71
2026-03-12 20:45:00,VIC1,31.69
2026-03-12 20:50:00,VIC1,15.72
2026-03-12 20:55:00,VIC1,15.66
2026-03-12 21:00:00,VIC1,23.02407
2026-03-12 21:05:00,VIC1,9.53324
2026-03-12 21:10:00,VIC1,15.66
2026-03-12 21:15:00,VIC1,23.03986
2026-03-12 21:20:00,VIC1,22.05
2026-03-12 21:25:00,VIC1,22.05
2026-03-12 21:30:00,VIC1,22.05
2026-03-12 21:35:00,VIC1,22.05
2026-03-12 21:40:00,VIC1,19.18
2026-03-12 21:45:00,VIC1,19.18
2026-03-12 21:50:00,VIC1,12.71
2026-03-12 21:55:00,VIC1,19.18
2026-03-12 22:00:00,VIC1,19.18
2026-03-12 22:05:00,VIC1,15.66
2026-03-12 22:10:00,VIC1,14.56247
2026-03-12 22:15:00,VIC1,15.66
2026-03-12 22:20:00,VIC1,8.94996
2026-03-12 22:25:00,VIC1,8.94996
2026-03-12 22:30:00,VIC1,12.71
2026-03-12 22:35:00,VIC1,12.71
2026-03-12 22:40:00,VIC1,22.05014
2026-03-12 22:45:00,VIC1,15.66
2026-03-12 22:50:00,VIC1,12.71
2026-03-12 22:55:00,VIC1,7.05
2026-03-12 23:00:00,VIC1,12.71
2026-03-12 23:05:00,VIC1,15.66
2026-03-12 23:10:00,VIC1,19.18013
2026-03-12 23:15:00,VIC1,22.05
2026-03-12 23:20:00,VIC1,18.46014
2026-03-12 23:25:00,VIC1,17.49081
2026-03-12 23:30:00,VIC1,15.66
2026-03-12 23:35:00,VIC1,19.18004
2026-03-12 23:40:00,VIC1,15.72
2026-03-12 23:45:00,VIC1,15.66
2026-03-12 23:50:00,VIC1,8.95012
2026-03-12 23:55:00,VIC1,7.96012
2026-03-13 00:00:00,VIC1,8.95012
2026-03-13 00:05:00,VIC1,8.95011
2026-03-13 00:10:00,VIC1,8.95011
2026-03-13 00:15:00,VIC1,7.05
2026-03-13 00:20:00,VIC1,8.22988
2026-03-13 00:25:00,VIC1,8.94989
2026-03-13 00:30:00,VIC1,8.95
2026-03-13 00:35:00,VIC1,8.94989
2026-03-13 00:40:00,VIC1,0.01
2026-03-13 00:45:00,VIC1,5e-05
2026-03-13 00:50:00,VIC1,3.50994
2026-03-13 00:55:00,VIC1,8.95011
2026-03-13 01:00:00,VIC1,8.95
2026-03-13 01:05:00,VIC1,0.0
2026-03-13 01:10:00,VIC1,0.01006
2026-03-13 01:15:00,VIC1,0.01
2026-03-13 01:20:00,VIC1,0.0
2026-03-13 01:25:00,VIC1,-0.1
2026-03-13 01:30:00,VIC1,-0.1
2026-03-13 01:35:00,VIC1,-2.5
2026-03-13 01:40:00,VIC1,0.0
2026-03-13 01:45:00,VIC1,0.0
2026-03-13 01:50:00,VIC1,-0.1
2026-03-13 01:55:00,VIC1,3.39
2026-03-13 02:00:00,VIC1,7.96
2026-03-13 02:05:00,VIC1,0.01
2026-03-13 02:10:00,VIC1,0.01
2026-03-13 02:15:00,VIC1,-0.1
2026-03-13 02:20:00,VIC1,-2.5
2026-03-13 02:25:00,VIC1,0.01
2026-03-13 02:30:00,VIC1,0.01
2026-03-13 02:35:00,VIC1,5e-05
2026-03-13 02:40:00,VIC1,0.01
2026-03-13 02:45:00,VIC1,5e-05
2026-03-13 02:50:00,VIC1,5e-05
2026-03-13 02:55:00,VIC1,7.96
2026-03-13 03:00:00,VIC1,0.01
2026-03-13 03:05:00,VIC1,0.01
2026-03-13 03:10:00,VIC1,0.01
2026-03-13 03:15:00,VIC1,0.01
2026-03-13 03:20:00,VIC1,5e-05
2026-03-13 03:25:00,VIC1,8.88
2026-03-13 03:30:00,VIC1,8.95006
2026-03-13 03:35:00,VIC1,8.95
2026-03-13 03:40:00,VIC1,6.82
2026-03-13 03:45:00,VIC1,8.88
2026-03-13 03:50:00,VIC1,8.88
2026-03-13 03:55:00,VIC1,7.96
2026-03-13 04:00:00,VIC1,6.82
2026-03-13 04:05:00,VIC1,10.22
2026-03-13 04:10:00,VIC1,12.71
2026-03-13 04:15:00,VIC1,12.71
2026-03-13 04:20:00,VIC1,8.94984
2026-03-13 04:25:00,VIC1,8.95008
2026-03-13 04:30:00,VIC1,13.71
2026-03-13 04:35:00,VIC1,12.71
2026-03-13 04:40:00,VIC1,8.95
2026-03-13 04:45:00,VIC1,15.54804
2026-03-13 04:50:00,VIC1,13.58447
2026-03-13 04:55:00,VIC1,12.71
2026-03-13 05:00:00,VIC1,13.53901
2026-03-13 05:05:00,VIC1,30.82813
2026-03-13 05:10:00,VIC1,19.18004
2026-03-13 05:15:00,VIC1,24.39297
2026-03-13 05:20:00,VIC1,22.05
2026-03-13 05:25:00,VIC1,15.39915
2026-03-13 05:30:00,VIC1,10.29
2026-03-13 05:35:00,VIC1,15.63993
2026-03-13 05:40:00,VIC1,12.71
2026-03-13 05:45:00,VIC1,10.22
2026-03-13 05:50:00,VIC1,10.24
2026-03-13 05:55:00,VIC1,10.22
2026-03-13 06:00:00,VIC1,31.69
2026-03-13 06:05:00,VIC1,31.69
2026-03-13 06:10:00,VIC1,14.9
2026-03-13 06:15:00,VIC1,22.05
2026-03-13 06:20:00,VIC1,12.71
2026-03-13 06:25:00,VIC1,31.29869
2026-03-13 06:30:00,VIC1,22.05
2026-03-13 06:35:00,VIC1,22.05
2026-03-13 06:40:00,VIC1,22.05
2026-03-13 06:45:00,VIC1,22.05
2026-03-13 06:50:00,VIC1,20.76469
2026-03-13 06:55:00,VIC1,22.05
2026-03-13 07:00:00,VIC1,10.22
2026-03-13 07:05:00,VIC1,8.69
2026-03-13 07:10:00,VIC1,8.69
2026-03-13 07:15:00,VIC1,8.69
2026-03-13 07:20:00,VIC1,-2.5
2026-03-13 07:25:00,VIC1,0.0
2026-03-13 07:30:00,VIC1,-4.75
2026-03-13 07:35:00,VIC1,-4.26
2026-03-13 07:40:00,VIC1,-7.25
2026-03-13 07:45:00,VIC1,-8.67665
2026-03-13 07:50:00,VIC1,-14.1
2026-03-13 07:55:00,VIC1,-14.04007
2026-03-13 08:00:00,VIC1,-14.1
2026-03-13 08:05:00,VIC1,-14.04
2026-03-13 08:10:00,VIC1,-7.25
2026-03-13 08:15:00,VIC1,-8.21829
2026-03-13 08:20:00,VIC1,-14.04
2026-03-13 08:25:00,VIC1,-14.04
2026-03-13 08:30:00,VIC1,-14.04
2026-03-13 08:35:00,VIC1,-14.04
2026-03-13 08:40:00,VIC1,-14.04
2026-03-13 08:45:00,VIC1,-14.04
2026-03-13 08:50:00,VIC1,-16.14481
2026-03-13 08:55:00,VIC1,-21.50625
2026-03-13 09:00:00,VIC1,-14.1
2026-03-13 09:05:00,VIC1,-32.81
2026-03-13 09:10:00,VIC1,-33.58
2026-03-13 09:15:00,VIC1,-33.94
2026-03-13 09:20:00,VIC1,-36.66
2026-03-13 09:25:00,VIC1,-33.94
2026-03-13 09:30:00,VIC1,-36.66
2026-03-13 09:35:00,VIC1,-33.94
2026-03-13 09:40:00,VIC1,-14.1
2026-03-13 09:45:00,VIC1,-19.99
2026-03-13 09:50:00,VIC1,-15.68429
2026-03-13 09:55:00,VIC1,-15.28232
2026-03-13 10:00:00,VIC1,-34.1
2026-03-13 10:05:00,VIC1,-15.3111
2026-03-13 10:10:00,VIC1,-10.31
2026-03-13 10:15:00,VIC1,-14.1
2026-03-13 10:20:00,VIC1,-10.3
2026-03-13 10:25:00,VIC1,-15.50441
2026-03-13 10:30:00,VIC1,-14.1
2026-03-13 10:35:00,VIC1,-12.4
2026-03-13 10:40:00,VIC1,-14.1
2026-03-13 10:45:00,VIC1,-11.97
2026-03-13 10:50:00,VIC1,-12.67
2026-03-13 10:55:00,VIC1,-12.67
2026-03-13 11:00:00,VIC1,-36.66
2026-03-13 11:05:00,VIC1,-14.1
2026-03-13 11:10:00,VIC1,-14.1
2026-03-13 11:15:00,VIC1,-12.4
2026-03-13 11:20:00,VIC1,-10.31
2026-03-13 11:25:00,VIC1,-20.37
2026-03-13 11:30:00,VIC1,-14.1
2026-03-13 11:35:00,VIC1,-19.99
2026-03-13 11:40:00,VIC1,-12.67
2026-03-13 11:45:00,VIC1,-36.66
2026-03-13 11:50:00,VIC1,-12.4
2026-03-13 11:55:00,VIC1,-20.37
2026-03-13 12:00:00,VIC1,-20.37
2026-03-13 12:05:00,VIC1,-14.1
2026-03-13 12:10:00,VIC1,-36.66
2026-03-13 12:15:00,VIC1,-36.66
2026-03-13 12:20:00,VIC1,-13.25
2026-03-13 12:25:00,VIC1,-36.66
2026-03-13 12:30:00,VIC1,-36.66
2026-03-13 12:35:00,VIC1,-52.25
2026-03-13 12:40:00,VIC1,-36.66
2026-03-13 12:45:00,VIC1,-36.66
2026-03-13 12:50:00,VIC1,-36.66
2026-03-13 12:55:00,VIC1,-36.66
2026-03-13 13:00:00,VIC1,-36.66
2026-03-13 13:05:00,VIC1,-33.58
2026-03-13 13:10:00,VIC1,-14.1
2026-03-13 13:15:00,VIC1,-14.51808
2026-03-13 13:20:00,VIC1,-36.66
2026-03-13 13:25:00,VIC1,-36.66
2026-03-13 13:30:00,VIC1,-36.66
2026-03-13 13:35:00,VIC1,-50.11
2026-03-13 13:40:00,VIC1,-36.66
2026-03-13 13:45:00,VIC1,-36.66
2026-03-13 13:50:00,VIC1,-36.66
2026-03-13 13:55:00,VIC1,-20.37
2026-03-13 14:00:00,VIC1,-36.66
2026-03-13 14:05:00,VIC1,-34.1
2026-03-13 14:10:00,VIC1,-36.66
2026-03-13 14:15:00,VIC1,-18.17
2026-03-13 14:20:00,VIC1,-33.94
2026-03-13 14:25:00,VIC1,-36.66
2026-03-13 14:30:00,VIC1,-36.66
2026-03-13 14:35:00,VIC1,-36.66
2026-03-13 14:40:00,VIC1,-33.94
2026-03-13 14:45:00,VIC1,-36.66
2026-03-13 14:50:00,VIC1,-33.94
2026-03-13 14:55:00,VIC1,-33.94
2026-03-13 15:00:00,VIC1,-36.66
2026-03-13 15:05:00,VIC1,-33.94
2026-03-13 15:10:00,VIC1,-36.66
2026-03-13 15:15:00,VIC1,-39.48
2026-03-13 15:20:00,VIC1,-36.6602
2026-03-13 15:25:00,VIC1,-50.11
2026-03-13 15:30:00,VIC1,-12.4
2026-03-13 15:35:00,VIC1,-12.4
2026-03-13 15:40:00,VIC1,-12.4
2026-03-13 15:45:00,VIC1,-12.4
2026-03-13 15:50:00,VIC1,-7.25
2026-03-13 15:55:00,VIC1,-6.5
2026-03-13 16:00:00,VIC1,-4.75
2026-03-13 16:05:00,VIC1,-7.25
2026-03-13 16:10:00,VIC1,-4.75
2026-03-13 16:15:00,VIC1,-4.42
2026-03-13 16:20:00,VIC1,-4.42
2026-03-13 16:25:00,VIC1,-4.26
2026-03-13 16:30:00,VIC1,-4.26
2026-03-13 16:35:00,VIC1,-7.25
2026-03-13 16:40:00,VIC1,-4.42
2026-03-13 16:45:00,VIC1,-4.36
2026-03-13 16:50:00,VIC1,-4.75
2026-03-13 16:55:00,VIC1,-4.26
2026-03-13 17:00:00,VIC1,-4.26
2026-03-13 17:05:00,VIC1,8.95
2026-03-13 17:10:00,VIC1,8.56
2026-03-13 17:15:00,VIC1,-0.1
2026-03-13 17:20:00,VIC1,19.05
2026-03-13 17:25:00,VIC1,19.03
2026-03-13 17:30:00,VIC1,12.77986
2026-03-13 17:35:00,VIC1,19.05
2026-03-13 17:40:00,VIC1,19.03
2026-03-13 17:45:00,VIC1,12.71008
2026-03-13 17:50:00,VIC1,31.69
2026-03-13 17:55:00,VIC1,19.18004
2026-03-13 18:00:00,VIC1,19.82216
2026-03-13 18:05:00,VIC1,12.70986
2026-03-13 18:10:00,VIC1,21.40164
2026-03-13 18:15:00,VIC1,17.11691
2026-03-13 18:20:00,VIC1,10.22
2026-03-13 18:25:00,VIC1,19.18
2026-03-13 18:30:00,VIC1,12.71
2026-03-13 18:35:00,VIC1,12.71
2026-03-13 18:40:00,VIC1,12.71
2026-03-13 18:45:00,VIC1,12.71
2026-03-13 18:50:00,VIC1,19.18
2026-03-13 18:55:00,VIC1,12.71
2026-03-13 19:00:00,VIC1,10.28
2026-03-13 19:05:00,VIC1,12.7899
2026-03-13 19:10:00,VIC1,12.71005
2026-03-13 19:15:00,VIC1,9.19097
2026-03-13 19:20:00,VIC1,10.22
2026-03-13 19:25:00,VIC1,10.22
2026-03-13 19:30:00,VIC1,8.95
2026-03-13 19:35:00,VIC1,10.22
2026-03-13 19:40:00,VIC1,8.69
2026-03-13 19:45:00,VIC1,10.28
2026-03-13 19:50:00,VIC1,8.96831
2026-03-13 19:55:00,VIC1,8.95
2026-03-13 20:00:00,VIC1,8.69
2026-03-13 20:05:00,VIC1,2.24
2026-03-13 20:10:00,VIC1,8.95
2026-03-13 20:15:00,VIC1,8.15
2026-03-13 20:20:00,VIC1,8.95
2026-03-13 20:25:00,VIC1,2.24
2026-03-13 20:30:00,VIC1,2.24
2026-03-13 20:35:00,VIC1,2.24
2026-03-13 20:40:00,VIC1,6.82
2026-03-13 20:45:00,VIC1,10.22
2026-03-13 20:50:00,VIC1,8.95
2026-03-13 20:55:00,VIC1,8.95
2026-03-13 21:00:00,VIC1,9.65097
2026-03-13 21:05:00,VIC1,8.95
2026-03-13 21:10:00,VIC1,8.95
2026-03-13 21:15:00,VIC1,7.95
2026-03-13 21:20:00,VIC1,8.95
2026-03-13 21:25:00,VIC1,8.95
2026-03-13 21:30:00,VIC1,8.95
2026-03-13 21:35:00,VIC1,10.22
2026-03-13 21:40:00,VIC1,12.71
2026-03-13 21:45:00,VIC1,6.82
2026-03-13 21:50:00,VIC1,6.82
2026-03-13 21:55:00,VIC1,2.27
2026-03-13 22:00:00,VIC1,8.95
2026-03-13 22:05:00,VIC1,5e-05
2026-03-13 22:10:00,VIC1,2.24
2026-03-13 22:15:00,VIC1,8.95011
2026-03-13 22:20:00,VIC1,8.95011
2026-03-13 22:25:00,VIC1,8.95
2026-03-13 22:30:00,VIC1,8.95
2026-03-13 22:35:00,VIC1,8.95
2026-03-13 22:40:00,VIC1,8.95
2026-03-13 22:45:00,VIC1,8.95
2026-03-13 22:50:00,VIC1,8.95
2026-03-13 22:55:00,VIC1,8.95
2026-03-13 23:00:00,VIC1,8.95
2026-03-13 23:05:00,VIC1,8.95
2026-03-13 23:10:00,VIC1,12.71
2026-03-13 23:15:00,VIC1,8.95
2026-03-13 23:20:00,VIC1,8.95
2026-03-13 23:25:00,VIC1,7.96
2026-03-13 23:30:00,VIC1,8.95
2026-03-13 23:35:00,VIC1,8.95
2026-03-13 23:40:00,VIC1,6.82
2026-03-13 23:45:00,VIC1,5e-05
2026-03-13 23:50:00,VIC1,5e-05
2026-03-13 23:55:00,VIC1,0.0
2026-03-14 00:00:00,VIC1,0.0
2026-03-14 00:05:00,VIC1,0.0
2026-03-14 00:10:00,VIC1,-0.1
2026-03-14 00:15:00,VIC1,0.0
2026-03-14 00:20:00,VIC1,0.0
2026-03-14 00:25:00,VIC1,0.0
2026-03-14 00:30:00,VIC1,-0.1
2026-03-14 00:35:00,VIC1,0.0
2026-03-14 00:40:00,VIC1,-0.1
2026-03-14 00:45:00,VIC1,-0.1
2026-03-14 00:50:00,VIC1,-1.0718
2026-03-14 00:55:00,VIC1,-1.08298
2026-03-14 01:00:00,VIC1,-2.5
2026-03-14 01:05:00,VIC1,-3.09522
2026-03-14 01:10:00,VIC1,-2.5
2026-03-14 01:15:00,VIC1,-3.05275
2026-03-14 01:20:00,VIC1,-3.99518
2026-03-14 01:25:00,VIC1,-3.98102
2026-03-14 01:30:00,VIC1,-4.07825
2026-03-14 01:35:00,VIC1,-3.98057
2026-03-14 01:40:00,VIC1,-4.05025
2026-03-14 01:45:00,VIC1,-4.09155
2026-03-14 01:50:00,VIC1,-4.07426
2026-03-14 01:55:00,VIC1,-4.07077
2026-03-14 02:00:00,VIC1,-4.05346
2026-03-14 02:05:00,VIC1,-4.15672
2026-03-14 02:10:00,VIC1,-4.13484
2026-03-14 02:15:00,VIC1,-4.28173
2026-03-14 02:20:00,VIC1,-4.04266
2026-03-14 02:25:00,VIC1,-4.2455
2026-03-14 02:30:00,VIC1,-4.24562
2026-03-14 02:35:00,VIC1,-4.30975
2026-03-14 02:40:00,VIC1,-4.08179
2026-03-14 02:45:00,VIC1,-4.36
2026-03-14 02:50:00,VIC1,-4.1137
2026-03-14 02:55:00,VIC1,-4.21934
2026-03-14 03:00:00,VIC1,-4.36
2026-03-14 03:05:00,VIC1,-3.24284
2026-03-14 03:10:00,VIC1,-3.25654
2026-03-14 03:15:00,VIC1,-1.13083
2026-03-14 03:20:00,VIC1,-1.12616
2026-03-14 03:25:00,VIC1,-1.13822
2026-03-14 03:30:00,VIC1,-1.1329
2026-03-14 03:35:00,VIC1,-4.29004
2026-03-14 03:40:00,VIC1,-2.5
2026-03-14 03:45:00,VIC1,-1.1168
2026-03-14 03:50:00,VIC1,-0.1
2026-03-14 03:55:00,VIC1,-0.1
2026-03-14 04:00:00,VIC1,5e-05
2026-03-14 04:05:00,VIC1,8.95
2026-03-14 04:10:00,VIC1,2.26
2026-03-14 04:15:00,VIC1,12.7101
2026-03-14 04:20:00,VIC1,10.22
2026-03-14 04:25:00,VIC1,10.22
2026-03-14 04:30:00,VIC1,11.88
2026-03-14 04:35:00,VIC1,8.95
2026-03-14 04:40:00,VIC1,8.95
2026-03-14 04:45:00,VIC1,10.22
2026-03-14 04:50:00,VIC1,12.71
2026-03-14 04:55:00,VIC1,8.94993
2026-03-14 05:00:00,VIC1,8.95
2026-03-14 05:05:00,VIC1,8.95
2026-03-14 05:10:00,VIC1,10.22
2026-03-14 05:15:00,VIC1,31.53406
2026-03-14 05:20:00,VIC1,10.22
2026-03-14 05:25:00,VIC1,10.25
2026-03-14 05:30:00,VIC1,11.88
2026-03-14 05:35:00,VIC1,10.22
2026-03-14 05:40:00,VIC1,10.22
2026-03-14 05:45:00,VIC1,11.88
2026-03-14 05:50:00,VIC1,11.88
2026-03-14 05:55:00,VIC1,10.22
2026-03-14 06:00:00,VIC1,12.71
2026-03-14 06:05:00,VIC1,19.18
2026-03-14 06:10:00,VIC1,10.397
2026-03-14 06:15:00,VIC1,12.71
2026-03-14 06:20:00,VIC1,10.22
2026-03-14 06:25:00,VIC1,10.3
2026-03-14 06:30:00,VIC1,10.22
2026-03-14 06:35:00,VIC1,10.22
2026-03-14 06:40:00,VIC1,10.26
2026-03-14 06:45:00,VIC1,8.95
2026-03-14 06:50:00,VIC1,0.85281
2026-03-14 06:55:00,VIC1,0.00025
2026-03-14 07:00:00,VIC1,0.0
2026-03-14 07:05:00,VIC1,3e-05
2026-03-14 07:10:00,VIC1,-3.34315
2026-03-14 07:15:00,VIC1,-4.26
2026-03-14 07:20:00,VIC1,-4.54615
2026-03-14 07:25:00,VIC1,-4.75
2026-03-14 07:30:00,VIC1,-6.20608
2026-03-14 07:35:00,VIC1,-4.26
2026-03-14 07:40:00,VIC1,-4.11
2026-03-14 07:45:00,VIC1,-4.25
2026-03-14 07:50:00,VIC1,-4.75
2026-03-14 07:55:00,VIC1,-4.42
2026-03-14 08:00:00,VIC1,-4.45583
2026-03-14 08:05:00,VIC1,-5.43755
2026-03-14 08:10:00,VIC1,-5.42155
2026-03-14 08:15:00,VIC1,-4.55468
2026-03-14 08:20:00,VIC1,-5.09
2026-03-14 08:25:00,VIC1,-7.25
2026-03-14 08:30:00,VIC1,-5.09
2026-03-14 08:35:00,VIC1,-4.6099
2026-03-14 08:40:00,VIC1,-5.48859
2026-03-14 08:45:00,VIC1,-7.52795
2026-03-14 08:50:00,VIC1,-14.1
2026-03-14 08:55:00,VIC1,-7.5473
2026-03-14 09:00:00,VIC1,-14.1
2026-03-14 09:05:00,VIC1,-7.33976
2026-03-14 09:10:00,VIC1,-14.1
2026-03-14 09:15:00,VIC1,-14.1
2026-03-14 09:20:00,VIC1,-15.25638
2026-03-14 09:25:00,VIC1,-27.72578
2026-03-14 09:30:00,VIC1,-52.25
2026-03-14 09:35:00,VIC1,-49.69
2026-03-14 09:40:00,VIC1,-49.69
2026-03-14 09:45:00,VIC1,-10.31
2026-03-14 09:50:00,VIC1,-20.44801
2026-03-14 09:55:00,VIC1,-50.11
2026-03-14 10:00:00,VIC1,-52.25
2026-03-14 10:05:00,VIC1,-17.55
2026-03-14 10:10:00,VIC1,-45.33
2026-03-14 10:15:00,VIC1,-10.36
2026-03-14 10:20:00,VIC1,-49.5
2026-03-14 10:25:00,VIC1,-36.66
2026-03-14 10:30:00,VIC1,-49.69
2026-03-14 10:35:00,VIC1,-39.48
2026-03-14 10:40:00,VIC1,-33.94
2026-03-14 10:45:00,VIC1,-36.66
2026-03-14 10:50:00,VIC1,-49.69
2026-03-14 10:55:00,VIC1,-49.69
2026-03-14 11:00:00,VIC1,-49.69
2026-03-14 11:05:00,VIC1,-49.69
2026-03-14 11:10:00,VIC1,-36.66
2026-03-14 11:15:00,VIC1,-49.69
2026-03-14 11:20:00,VIC1,-10.3
2026-03-14 11:25:00,VIC1,-60.0
2026-03-14 11:30:00,VIC1,-7.74669
2026-03-14 11:35:00,VIC1,-51.56805
2026-03-14 11:40:00,VIC1,-33.94
2026-03-14 11:45:00,VIC1,-49.88
2026-03-14 11:50:00,VIC1,-49.69
2026-03-14 11:55:00,VIC1,-44.84661
2026-03-14 12:00:00,VIC1,-36.66
2026-03-14 12:05:00,VIC1,-30.52175
2026-03-14 12:10:00,VIC1,-36.66
2026-03-14 12:15:00,VIC1,-36.66
2026-03-14 12:20:00,VIC1,-36.66
2026-03-14 12:25:00,VIC1,-36.66
2026-03-14 12:30:00,VIC1,-36.66
2026-03-14 12:35:00,VIC1,-33.94
2026-03-14 12:40:00,VIC1,-33.94
2026-03-14 12:45:00,VIC1,-40.44
2026-03-14 12:50:00,VIC1,-39.48
2026-03-14 12:55:00,VIC1,-36.66
2026-03-14 13:00:00,VIC1,-33.94
2026-03-14 13:05:00,VIC1,-33.95
2026-03-14 13:10:00,VIC1,-20.98278
2026-03-14 13:15:00,VIC1,-25.18074
2026-03-14 13:20:00,VIC1,-36.66
2026-03-14 13:25:00,VIC1,-49.78
2026-03-14 13:30:00,VIC1,-50.06
2026-03-14 13:35:00,VIC1,-35.762
2026-03-14 13:40:00,VIC1,-33.95
2026-03-14 13:45:00,VIC1,-44.04739
2026-03-14 13:50:00,VIC1,-33.94
2026-03-14 13:55:00,VIC1,-33.94
2026-03-14 14:00:00,VIC1,-20.48435
2026-03-14 14:05:00,VIC1,-33.94
2026-03-14 14:10:00,VIC1,-33.94
2026-03-14 14:15:00,VIC1,-33.94
2026-03-14 14:20:00,VIC1,-24.81105
2026-03-14 14:25:00,VIC1,-12.97276
2026-03-14 14:30:00,VIC1,-19.99
2026-03-14 14:35:00,VIC1,-33.94
2026-03-14 14:40:00,VIC1,-33.94
2026-03-14 14:45:00,VIC1,-34.01
2026-03-14 14:50:00,VIC1,-33.94
2026-03-14 14:55:00,VIC1,-33.94
2026-03-14 15:00:00,VIC1,-33.94
2026-03-14 15:05:00,VIC1,-7.35816
2026-03-14 15:10:00,VIC1,-33.94
2026-03-14 15:15:00,VIC1,-7.45153
2026-03-14 15:20:00,VIC1,-7.37664
2026-03-14 15:25:00,VIC1,-7.25
2026-03-14 15:30:00,VIC1,-7.25
2026-03-14 15:35:00,VIC1,-50.01
2026-03-14 15:40:00,VIC1,-33.94
2026-03-14 15:45:00,VIC1,-7.25
2026-03-14 15:50:00,VIC1,-7.25
2026-03-14 15:55:00,VIC1,-5.09
2026-03-14 16:00:00,VIC1,-4.75
2026-03-14 16:05:00,VIC1,-5.09
2026-03-14 16:10:00,VIC1,-5.09
2026-03-14 16:15:00,VIC1,-4.26
2026-03-14 16:20:00,VIC1,-4.75
2026-03-14 16:25:00,VIC1,-4.26
2026-03-14 16:30:00,VIC1,-4.11
2026-03-14 16:35:00,VIC1,-3.94486
2026-03-14 16:40:00,VIC1,-3.89088
2026-03-14 16:45:00,VIC1,-0.1
2026-03-14 16:50:00,VIC1,-3.93941
2026-03-14 16:55:00,VIC1,-0.1
2026-03-14 17:00:00,VIC1,-0.1
2026-03-14 17:05:00,VIC1,-0.1
2026-03-14 17:10:00,VIC1,20.18408
2026-03-14 17:15:00,VIC1,50.03799
2026-03-14 17:20:00,VIC1,33.13062
2026-03-14 17:25:00,VIC1,51.52676
2026-03-14 17:30:00,VIC1,51.50074
2026-03-14 17:35:00,VIC1,50.63552
2026-03-14 17:40:00,VIC1,54.69
2026-03-14 17:45:00,VIC1,50.89832
2026-03-14 17:50:00,VIC1,54.69
2026-03-14 17:55:00,VIC1,54.69
2026-03-14 18:00:00,VIC1,57.25736
2026-03-14 18:05:00,VIC1,54.69
2026-03-14 18:10:00,VIC1,56.5
2026-03-14 18:15:00,VIC1,56.5
2026-03-14 18:20:00,VIC1,56.5
2026-03-14 18:25:00,VIC1,58.02
2026-03-14 18:30:00,VIC1,60.0
2026-03-14 18:35:00,VIC1,56.5
2026-03-14 18:40:00,VIC1,56.5
2026-03-14 18:45:00,VIC1,56.5
2026-03-14 18:50:00,VIC1,56.5
2026-03-14 18:55:00,VIC1,56.5
2026-03-14 19:00:00,VIC1,56.5
2026-03-14 19:05:00,VIC1,56.5
2026-03-14 19:10:00,VIC1,56.5
2026-03-14 19:15:00,VIC1,56.5
2026-03-14 19:20:00,VIC1,56.5
2026-03-14 19:25:00,VIC1,56.5
2026-03-14 19:30:00,VIC1,54.69
2026-03-14 19:35:00,VIC1,52.37843
2026-03-14 19:40:00,VIC1,56.5
2026-03-14 19:45:00,VIC1,54.69
2026-03-14 19:50:00,VIC1,56.5
2026-03-14 19:55:00,VIC1,54.69
2026-03-14 20:00:00,VIC1,54.69
2026-03-14 20:05:00,VIC1,56.5
2026-03-14 20:10:00,VIC1,55.55084
2026-03-14 20:15:00,VIC1,56.5
2026-03-14 20:20:00,VIC1,54.69
2026-03-14 20:25:00,VIC1,54.69
2026-03-14 20:30:00,VIC1,56.5
2026-03-14 20:35:00,VIC1,54.69
2026-03-14 20:40:00,VIC1,56.5
2026-03-14 20:45:00,VIC1,56.5
2026-03-14 20:50:00,VIC1,54.69
2026-03-14 20:55:00,VIC1,54.69
2026-03-14 21:00:00,VIC1,50.55462
2026-03-14 21:05:00,VIC1,50.3349
2026-03-14 21:10:00,VIC1,49.45469
2026-03-14 21:15:00,VIC1,52.74957
2026-03-14 21:20:00,VIC1,51.89832
2026-03-14 21:25:00,VIC1,51.21535
2026-03-14 21:30:00,VIC1,51.27589
2026-03-14 21:35:00,VIC1,46.90344
2026-03-14 21:40:00,VIC1,51.62143
2026-03-14 21:45:00,VIC1,49.6427
2026-03-14 21:50:00,VIC1,48.64233
2026-03-14 21:55:00,VIC1,50.06637
2026-03-14 22:00:00,VIC1,49.61972
2026-03-14 22:05:00,VIC1,56.5
2026-03-14 22:10:00,VIC1,50.16866
2026-03-14 22:15:00,VIC1,56.5
2026-03-14 22:20:00,VIC1,52.34187
2026-03-14 22:25:00,VIC1,47.52266
2026-03-14 22:30:00,VIC1,48.13823
2026-03-14 22:35:00,VIC1,56.5
2026-03-14 22:40:00,VIC1,55.57372
2026-03-14 22:45:00,VIC1,40.50414
2026-03-14 22:50:00,VIC1,40.22952
2026-03-14 22:55:00,VIC1,40.55534
2026-03-14 23:00:00,VIC1,39.88687
2026-03-14 23:05:00,VIC1,54.76708
2026-03-14 23:10:00,VIC1,56.01735
2026-03-14 23:15:00,VIC1,56.5
2026-03-14 23:20:00,VIC1,55.78697
2026-03-14 23:25:00,VIC1,56.31254
2026-03-14 23:30:00,VIC1,47.96923
2026-03-14 23:35:00,VIC1,49.52796
2026-03-14 23:40:00,VIC1,56.5
2026-03-14 23:45:00,VIC1,49.89
2026-03-14 23:50:00,VIC1,47.67941
2026-03-14 23:55:00,VIC1,48.50949
2026-03-15 00:00:00,VIC1,56.5
2026-03-15 00:05:00,VIC1,48.07431
2026-03-15 00:10:00,VIC1,46.33069
2026-03-15 00:15:00,VIC1,47.74464
2026-03-15 00:20:00,VIC1,37.9
2026-03-15 00:25:00,VIC1,48.2816
2026-03-15 00:30:00,VIC1,48.29599
2026-03-15 00:35:00,VIC1,48.29056
2026-03-15 00:40:00,VIC1,48.62279
2026-03-15 00:45:00,VIC1,48.66807
2026-03-15 00:50:00,VIC1,48.22032
2026-03-15 00:55:00,VIC1,48.62796
2026-03-15 01:00:00,VIC1,49.01604
2026-03-15 01:05:00,VIC1,50.94008
2026-03-15 01:10:00,VIC1,50.94008
2026-03-15 01:15:00,VIC1,50.38165
2026-03-15 01:20:00,VIC1,53.50033
2026-03-15 01:25:00,VIC1,50.94008
2026-03-15 01:30:00,VIC1,50.69008
2026-03-15 01:35:00,VIC1,53.60547
2026-03-15 01:40:00,VIC1,47.19009
2026-03-15 01:45:00,VIC1,49.91125
2026-03-15 01:50:00,VIC1,49.88708
2026-03-15 01:55:00,VIC1,49.92525
2026-03-15 02:00:00,VIC1,35.94
2026-03-15 02:05:00,VIC1,52.26447
2026-03-15 02:10:00,VIC1,48.14011
2026-03-15 02:15:00,VIC1,53.27838
2026-03-15 02:20:00,VIC1,35.95876
2026-03-15 02:25:00,VIC1,50.52146
2026-03-15 02:30:00,VIC1,50.94011
2026-03-15 02:35:00,VIC1,50.49437
2026-03-15 02:40:00,VIC1,50.94
2026-03-15 02:45:00,VIC1,50.94
2026-03-15 02:50:00,VIC1,35.94
2026-03-15 02:55:00,VIC1,50.58787
2026-03-15 03:00:00,VIC1,50.10001
2026-03-15 03:05:00,VIC1,49.81127
2026-03-15 03:10:00,VIC1,49.41625
2026-03-15 03:15:00,VIC1,49.46339
2026-03-15 03:20:00,VIC1,49.41083
2026-03-15 03:25:00,VIC1,50.94
2026-03-15 03:30:00,VIC1,49.75098
2026-03-15 03:35:00,VIC1,37.9
2026-03-15 03:40:00,VIC1,49.77446
2026-03-15 03:45:00,VIC1,49.31532
2026-03-15 03:50:00,VIC1,35.94
2026-03-15 03:55:00,VIC1,49.31929
2026-03-15 04:00:00,VIC1,49.31147
2026-03-15 04:05:00,VIC1,33.56226
2026-03-15 04:10:00,VIC1,50.74541
2026-03-15 04:15:00,VIC1,50.94
2026-03-15 04:20:00,VIC1,36.68825
2026-03-15 04:25:00,VIC1,50.61974
2026-03-15 04:30:00,VIC1,36.14091
2026-03-15 04:35:00,VIC1,36.08216
2026-03-15 04:40:00,VIC1,51.90024
2026-03-15 04:45:00,VIC1,50.94
2026-03-15 04:50:00,VIC1,43.46458
2026-03-15 04:55:00,VIC1,50.97165
2026-03-15 05:00:00,VIC1,50.94
2026-03-15 05:05:00,VIC1,47.72907
2026-03-15 05:10:00,VIC1,49.72883
2026-03-15 05:15:00,VIC1,50.94
2026-03-15 05:20:00,VIC1,48.16656
2026-03-15 05:25:00,VIC1,48.59009
2026-03-15 05:30:00,VIC1,48.80149
2026-03-15 05:35:00,VIC1,44.01794
2026-03-15 05:40:00,VIC1,50.94001
2026-03-15 05:45:00,VIC1,43.71908
2026-03-15 05:50:00,VIC1,48.76672
2026-03-15 05:55:00,VIC1,50.94011
2026-03-15 06:00:00,VIC1,50.94
2026-03-15 06:05:00,VIC1,50.94
2026-03-15 06:10:00,VIC1,51.3259
2026-03-15 06:15:00,VIC1,50.94
2026-03-15 06:20:00,VIC1,50.94011
2026-03-15 06:25:00,VIC1,50.94
2026-03-15 06:30:00,VIC1,44.49591
2026-03-15 06:35:00,VIC1,44.10841
2026-03-15 06:40:00,VIC1,36.89
2026-03-15 06:45:00,VIC1,33.65793
2026-03-15 06:50:00,VIC1,33.60478
2026-03-15 06:55:00,VIC1,22.18383
2026-03-15 07:00:00,VIC1,0.45696
2026-03-15 07:05:00,VIC1,5e-05
2026-03-15 07:10:00,VIC1,0.01
2026-03-15 07:15:00,VIC1,5e-05
2026-03-15 07:20:00,VIC1,-2.96984
2026-03-15 07:25:00,VIC1,-4.14049
2026-03-15 07:30:00,VIC1,-3.84818
2026-03-15 07:35:00,VIC1,-3.78119
2026-03-15 07:40:00,VIC1,-4.26
2026-03-15 07:45:00,VIC1,-4.55933
2026-03-15 07:50:00,VIC1,-4.81704
2026-03-15 07:55:00,VIC1,-5.17346
2026-03-15 08:00:00,VIC1,-5.58198
2026-03-15 08:05:00,VIC1,-4.83958
2026-03-15 08:10:00,VIC1,-4.75
2026-03-15 08:15:00,VIC1,-4.75
2026-03-15 08:20:00,VIC1,-4.26
2026-03-15 08:25:00,VIC1,-4.42
2026-03-15 08:30:00,VIC1,-4.84932
2026-03-15 08:35:00,VIC1,-4.26
2026-03-15 08:40:00,VIC1,-4.75
2026-03-15 08:45:00,VIC1,-12.4
2026-03-15 08:50:00,VIC1,-7.25
2026-03-15 08:55:00,VIC1,-4.26
2026-03-15 09:00:00,VIC1,-4.26
2026-03-15 09:05:00,VIC1,-5.00999
2026-03-15 09:10:00,VIC1,-4.75
2026-03-15 09:15:00,VIC1,-7.25
2026-03-15 09:20:00,VIC1,-8.37151
2026-03-15 09:25:00,VIC1,-12.67
2026-03-15 09:30:00,VIC1,-12.67
2026-03-15 09:35:00,VIC1,-7.25
2026-03-15 09:40:00,VIC1,-6.50186
2026-03-15 09:45:00,VIC1,-9.58631
2026-03-15 09:50:00,VIC1,-15.12235
2026-03-15 09:55:00,VIC1,-9.26317
2026-03-15 10:00:00,VIC1,-9.02421
2026-03-15 10:05:00,VIC1,-8.50058
2026-03-15 10:10:00,VIC1,-8.28362
2026-03-15 10:15:00,VIC1,-7.25
2026-03-15 10:20:00,VIC1,-6.54844
2026-03-15 10:25:00,VIC1,-7.25
2026-03-15 10:30:00,VIC1,-8.59757
2026-03-15 10:35:00,VIC1,-8.27119
2026-03-15 10:40:00,VIC1,-8.32694
2026-03-15 10:45:00,VIC1,-8.95893
2026-03-15 10:50:00,VIC1,-8.17198
2026-03-15 10:55:00,VIC1,-7.25
2026-03-15 11:00:00,VIC1,-7.25
2026-03-15 11:05:00,VIC1,-7.84693
2026-03-15 11:10:00,VIC1,-7.53679
2026-03-15 11:15:00,VIC1,-6.30908
2026-03-15 11:20:00,VIC1,-7.25
2026-03-15 11:25:00,VIC1,-12.81
2026-03-15 11:30:00,VIC1,-12.37045
2026-03-15 11:35:00,VIC1,-6.00523
2026-03-15 11:40:00,VIC1,-6.15299
2026-03-15 11:45:00,VIC1,-12.77
2026-03-15 11:50:00,VIC1,-7.34181
2026-03-15 11:55:00,VIC1,-7.67466
2026-03-15 12:00:00,VIC1,-7.74567
2026-03-15 12:05:00,VIC1,-6.18396
2026-03-15 12:10:00,VIC1,-6.19015
2026-03-15 12:15:00,VIC1,-7.09167
2026-03-15 12:20:00,VIC1,-8.02616
2026-03-15 12:25:00,VIC1,-8.1889
2026-03-15 12:30:00,VIC1,-8.25101
2026-03-15 12:35:00,VIC1,-8.35615
2026-03-15 12:40:00,VIC1,-8.53128
2026-03-15 12:45:00,VIC1,-6.35977
2026-03-15 12:50:00,VIC1,-10.93097
2026-03-15 12:55:00,VIC1,-10.31
2026-03-15 13:00:00,VIC1,-10.97932
2026-03-15 13:05:00,VIC1,-10.36
2026-03-15 13:10:00,VIC1,-9.42457
2026-03-15 13:15:00,VIC1,-9.31613
2026-03-15 13:20:00,VIC1,-8.71209
2026-03-15 13:25:00,VIC1,-7.95931
2026-03-15 13:30:00,VIC1,-6.43876
2026-03-15 13:35:00,VIC1,-6.31483
2026-03-15 13:40:00,VIC1,-6.2863
2026-03-15 13:45:00,VIC1,-5.30092
2026-03-15 13:50:00,VIC1,-6.70469
2026-03-15 13:55:00,VIC1,-5.81443
2026-03-15 14:00:00,VIC1,-5.42258
2026-03-15 14:05:00,VIC1,-8.05193
2026-03-15 14:10:00,VIC1,-5.85259
2026-03-15 14:15:00,VIC1,-4.75
2026-03-15 14:20:00,VIC1,-6.23979
2026-03-15 14:25:00,VIC1,-12.67008
2026-03-15 14:30:00,VIC1,-5.09
2026-03-15 14:35:00,VIC1,-19.99
2026-03-15 14:40:00,VIC1,-4.42
2026-03-15 14:45:00,VIC1,-4.75
2026-03-15 14:50:00,VIC1,-4.03262
2026-03-15 14:55:00,VIC1,-4.75
2026-03-15 15:00:00,VIC1,-3.25
2026-03-15 15:05:00,VIC1,-4.75
2026-03-15 15:10:00,VIC1,-3.25
2026-03-15 15:15:00,VIC1,17.56544
2026-03-15 15:20:00,VIC1,0.01013
2026-03-15 15:25:00,VIC1,0.00896
2026-03-15 15:30:00,VIC1,9.0108
2026-03-15 15:35:00,VIC1,3e-05
2026-03-15 15:40:00,VIC1,57.98617
2026-03-15 15:45:00,VIC1,50.94
2026-03-15 15:50:00,VIC1,39.80005
2026-03-15 15:55:00,VIC1,74.71273
2026-03-15 16:00:00,VIC1,85.0
2026-03-15 16:05:00,VIC1,64.66964
2026-03-15 16:10:00,VIC1,65.31784
2026-03-15 16:15:00,VIC1,56.20318
2026-03-15 16:20:00,VIC1,39.01837
2026-03-15 16:25:00,VIC1,57.87192
2026-03-15 16:30:00,VIC1,67.95396
2026-03-15 16:35:00,VIC1,60.15091
2026-03-15 16:40:00,VIC1,56.5
2026-03-15 16:45:00,VIC1,53.0025
2026-03-15 16:50:00,VIC1,62.92082
2026-03-15 16:55:00,VIC1,56.5
2026-03-15 17:00:00,VIC1,80.37677
2026-03-15 17:05:00,VIC1,74.29283
2026-03-15 17:10:00,VIC1,80.14628
2026-03-15 17:15:00,VIC1,80.49539
2026-03-15 17:20:00,VIC1,89.53
2026-03-15 17:25:00,VIC1,89.53
2026-03-15 17:30:00,VIC1,89.53
2026-03-15 17:35:00,VIC1,74.1302
2026-03-15 17:40:00,VIC1,80.16571
2026-03-15 17:45:00,VIC1,86.46269
2026-03-15 17:50:00,VIC1,89.53
2026-03-15 17:55:00,VIC1,95.69
2026-03-15 18:00:00,VIC1,95.69
2026-03-15 18:05:00,VIC1,89.67
2026-03-15 18:10:00,VIC1,89.53
2026-03-15 18:15:00,VIC1,89.53
2026-03-15 18:20:00,VIC1,89.53
2026-03-15 18:25:00,VIC1,78.11993
2026-03-15 18:30:00,VIC1,89.53
2026-03-15 18:35:00,VIC1,89.58
2026-03-15 18:40:00,VIC1,89.67
2026-03-15 18:45:00,VIC1,89.53
2026-03-15 18:50:00,VIC1,89.53
2026-03-15 18:55:00,VIC1,89.21533
2026-03-15 19:00:00,VIC1,89.59791
2026-03-15 19:05:00,VIC1,98.19064
2026-03-15 19:10:00,VIC1,91.72533
2026-03-15 19:15:00,VIC1,94.81897
2026-03-15 19:20:00,VIC1,89.53
2026-03-15 19:25:00,VIC1,100.74
2026-03-15 19:30:00,VIC1,95.69
2026-03-15 19:35:00,VIC1,94.97779
2026-03-15 19:40:00,VIC1,96.05
2026-03-15 19:45:00,VIC1,100.74
2026-03-15 19:50:00,VIC1,100.74
2026-03-15 19:55:00,VIC1,100.74
2026-03-15 20:00:00,VIC1,97.19891
2026-03-15 20:05:00,VIC1,105.0
2026-03-15 20:10:00,VIC1,105.01
2026-03-15 20:15:00,VIC1,100.74
2026-03-15 20:20:00,VIC1,108.98891
2026-03-15 20:25:00,VIC1,100.8
2026-03-15 20:30:00,VIC1,121.01639
2026-03-15 20:35:00,VIC1,100.85
2026-03-15 20:40:00,VIC1,109.42863
2026-03-15 20:45:00,VIC1,100.74
2026-03-15 20:50:00,VIC1,108.43
2026-03-15 20:55:00,VIC1,100.88
2026-03-15 21:00:00,VIC1,100.74
2026-03-15 21:05:00,VIC1,100.74
2026-03-15 21:10:00,VIC1,89.53
2026-03-15 21:15:00,VIC1,95.69
2026-03-15 21:20:00,VIC1,100.74
2026-03-15 21:25:00,VIC1,100.74
2026-03-15 21:30:00,VIC1,79.99822
2026-03-15 21:35:00,VIC1,80.26128
2026-03-15 21:40:00,VIC1,100.74
2026-03-15 21:45:00,VIC1,100.74
2026-03-15 21:50:00,VIC1,100.74
2026-03-15 21:55:00,VIC1,74.99863
2026-03-15 22:00:00,VIC1,72.43861
2026-03-15 22:05:00,VIC1,80.63528
2026-03-15 22:10:00,VIC1,80.7627
2026-03-15 22:15:00,VIC1,81.79841
2026-03-15 22:20:00,VIC1,81.95294
2026-03-15 22:25:00,VIC1,81.30775
2026-03-15 22:30:00,VIC1,100.0
2026-03-15 22:35:00,VIC1,94.82694
2026-03-15 22:40:00,VIC1,79.24373
2026-03-15 22:45:00,VIC1,77.6647
2026-03-15 22:50:00,VIC1,94.52092
2026-03-15 22:55:00,VIC1,77.33601
2026-03-15 23:00:00,VIC1,71.48089
2026-03-15 23:05:00,VIC1,75.87112
2026-03-15 23:10:00,VIC1,94.00491
2026-03-15 23:15:00,VIC1,74.08106
2026-03-15 23:20:00,VIC1,77.49948
2026-03-15 23:25:00,VIC1,76.87272
2026-03-15 23:30:00,VIC1,70.62604
2026-03-15 23:35:00,VIC1,75.82652
2026-03-15 23:40:00,VIC1,72.06885
2026-03-15 23:45:00,VIC1,69.48304
2026-03-15 23:50:00,VIC1,69.49926
2026-03-15 23:55:00,VIC1,69.35588
2026-03-16 00:00:00,VIC1,59.42764
2026-03-16 00:05:00,VIC1,74.61681
2026-03-16 00:10:00,VIC1,67.26896
2026-03-16 00:15:00,VIC1,69.19853
2026-03-16 00:20:00,VIC1,69.74576
2026-03-16 00:25:00,VIC1,70.92653
2026-03-16 00:30:00,VIC1,63.03717
2026-03-16 00:35:00,VIC1,71.5319
2026-03-16 00:40:00,VIC1,70.88267
2026-03-16 00:45:00,VIC1,60.00408
2026-03-16 00:50:00,VIC1,59.96665
2026-03-16 00:55:00,VIC1,56.5
2026-03-16 01:00:00,VIC1,56.52592
2026-03-16 01:05:00,VIC1,67.9782
2026-03-16 01:10:00,VIC1,67.45021
2026-03-16 01:15:00,VIC1,56.5
2026-03-16 01:20:00,VIC1,56.5
2026-03-16 01:25:00,VIC1,56.5
2026-03-16 01:30:00,VIC1,56.5
2026-03-16 01:35:00,VIC1,56.5
2026-03-16 01:40:00,VIC1,56.5
2026-03-16 01:45:00,VIC1,56.5
2026-03-16 01:50:00,VIC1,57.8099
2026-03-16 01:55:00,VIC1,58.28431
2026-03-16 02:00:00,VIC1,58.49201
2026-03-16 02:05:00,VIC1,65.99465
2026-03-16 02:10:00,VIC1,65.229
2026-03-16 02:15:00,VIC1,56.66295
2026-03-16 02:20:00,VIC1,57.43775
2026-03-16 02:25:00,VIC1,58.14695
2026-03-16 02:30:00,VIC1,56.5
2026-03-16 02:35:00,VIC1,59.26395
2026-03-16 02:40:00,VIC1,59.31117
2026-03-16 02:45:00,VIC1,58.40559
2026-03-16 02:50:00,VIC1,58.89737
2026-03-16 02:55:00,VIC1,59.09176
2026-03-16 03:00:00,VIC1,59.74597
2026-03-16 03:05:00,VIC1,58.17891
2026-03-16 03:10:00,VIC1,55.96112
2026-03-16 03:15:00,VIC1,56.5
2026-03-16 03:20:00,VIC1,56.43006
2026-03-16 03:25:00,VIC1,58.99289
2026-03-16 03:30:00,VIC1,56.5
2026-03-16 03:35:00,VIC1,58.48832
2026-03-16 03:40:00,VIC1,60.49741
2026-03-16 03:45:00,VIC1,60.14733
2026-03-16 03:50:00,VIC1,57.88521
2026-03-16 03:55:00,VIC1,66.9391
2026-03-16 04:00:00,VIC1,65.49051
